raw,raw_url1,raw_url1_BIEN,raw_url1,raw_url3,url,raw_img,code
[url=https://imgbb.com/][img]https://i.ibb.co/Zxpx0xS/01KT0006.png[/img][/url],https://i.ibb.co/Zxpx0xS/01KT0006.png,https://i.ibb.co/Zxpx0xS/01KT0006.png,https://i.ibb.co/kG00JpP/02CO0005.png,.png,https://i.ibb.co/Zxpx0xS/01KT0006.png,01KT0006.png,01KT0006
[url=https://imgbb.com/][img]https://i.ibb.co/zVhg7rs/01SL0008.png[/img][/url],https://i.ibb.co/zVhg7rs/01SL0008.png,https://i.ibb.co/zVhg7rs/01SL0008.png,https://i.ibb.co/ch8XJvc/01BA0003.png,https://i.ibb.co/YdzPB9V/01CAMA00.png,https://i.ibb.co/zVhg7rs/01SL0008.png,01SL0008.png,01SL0008
[url=https://imgbb.com/][img]https://i.ibb.co/ZTpfDSz/01CP0001.png[/img][/url],https://i.ibb.co/ZTpfDSz/01CP0001.png,https://i.ibb.co/ZTpfDSz/01CP0001.png,https://i.ibb.co/n6ffDQS/01CO0002.png,https://i.ibb.co/sjsgSqL/01RE0001.png,https://i.ibb.co/ZTpfDSz/01CP0001.png,01CP0001.png,01CP0001
[url=https://imgbb.com/][img]https://i.ibb.co/zRkfp5n/01ACMA04.png[/img][/url],https://i.ibb.co/zRkfp5n/01ACMA04.png,https://i.ibb.co/zRkfp5n/01ACMA04.png,https://i.ibb.co/znSnSht/01TRMA02.png,https://i.ibb.co/3hg2Tbw/01MG0007.png,https://i.ibb.co/zRkfp5n/01ACMA04.png,01ACMA04.png,01ACMA04
[url=https://imgbb.com/][img]https://i.ibb.co/zPZQLYr/01TRMA03.png[/img][/url],https://i.ibb.co/zPZQLYr/01TRMA03.png,https://i.ibb.co/zPZQLYr/01TRMA03.png,https://i.ibb.co/0h9DyTZ/01VA0003.png,.png,https://i.ibb.co/zPZQLYr/01TRMA03.png,01TRMA03.png,01TRMA03
[url=https://imgbb.com/][img]https://i.ibb.co/znSnSht/01TRMA02.png[/img][/url],https://i.ibb.co/znSnSht/01TRMA02.png,https://i.ibb.co/znSnSht/01TRMA02.png,https://i.ibb.co/0McSWwS/01RE0007.png,https://i.ibb.co/GdbrTQf/01CO0005.png,https://i.ibb.co/znSnSht/01TRMA02.png,01TRMA02.png,01TRMA02
[url=https://imgbb.com/][img]https://i.ibb.co/ZM9TKhL/01RE0003.png[/img][/url],https://i.ibb.co/ZM9TKhL/01RE0003.png,https://i.ibb.co/ZM9TKhL/01RE0003.png,https://i.ibb.co/fx2XkbJ/01BA0001.png,https://i.ibb.co/yhWZyPL/01CA0008.png,https://i.ibb.co/ZM9TKhL/01RE0003.png,01RE0003.png,01RE0003
[url=https://imgbb.com/][img]https://i.ibb.co/zhRSMbC/01CO0038.png[/img][/url],https://i.ibb.co/zhRSMbC/01CO0038.png,https://i.ibb.co/zhRSMbC/01CO0038.png,https://i.ibb.co/PTHn9Kp/01MG0006.png,https://i.ibb.co/jV2GJbQ/01TRMA22.png,https://i.ibb.co/zhRSMbC/01CO0038.png,01CO0038.png,01CO0038
[url=https://imgbb.com/][img]https://i.ibb.co/ZBMW0xG/01CO0049.jpg[/img][/url],https://i.ibb.co/ZBMW0xG/01CO0049.jpg,https://i.ibb.co/ZBMW0xG/01CO0049.jpg,https://i.ibb.co/nM75nFp/02AC0001.png,.png,https://i.ibb.co/ZBMW0xG/01CO0049.jpg,01CO0049.jpg,01CO0049
[url=https://imgbb.com/][img]https://i.ibb.co/z22WSS7/01BOEM02.png[/img][/url],https://i.ibb.co/z22WSS7/01BOEM02.png,https://i.ibb.co/z22WSS7/01BOEM02.png,https://i.ibb.co/X5k9TN8/03ROMA01.png,.png,https://i.ibb.co/z22WSS7/01BOEM02.png,01BOEM02.png,01BOEM02
[url=https://imgbb.com/][img]https://i.ibb.co/YWQ64h4/01SW0022.png[/img][/url],https://i.ibb.co/YWQ64h4/01SW0022.png,https://i.ibb.co/YWQ64h4/01SW0022.png,https://i.ibb.co/9V6gZJq/01CA0015.png,https://i.ibb.co/tbscQNS/01SL0003.png,https://i.ibb.co/YWQ64h4/01SW0022.png,01SW0022.png,01SW0022
[url=https://imgbb.com/][img]https://i.ibb.co/YT9G59P/02CO0004.png[/img][/url],https://i.ibb.co/YT9G59P/02CO0004.png,https://i.ibb.co/YT9G59P/02CO0004.png,[url=https://ibb.co/MP5jDv0][img]https://i.ibb.co/nQ8VsGJ/01TU0004.png,https://i.ibb.co/0fLShHP/01CA0009.png,https://i.ibb.co/YT9G59P/02CO0004.png,02CO0004.png,02CO0004
[url=https://imgbb.com/][img]https://i.ibb.co/yRZZ5tS/01RE0001.png[/img][/url],https://i.ibb.co/yRZZ5tS/01RE0001.png,https://i.ibb.co/yRZZ5tS/01RE0001.png,https://i.ibb.co/gJpW97X/01RE0004.png,https://i.ibb.co/gmDFz06/02MTMA06.png,https://i.ibb.co/yRZZ5tS/01RE0001.png,01RE0001.png,01RE0001
[url=https://imgbb.com/][img]https://i.ibb.co/yQ06Jg4/01BU0005.png[/img][/url],https://i.ibb.co/yQ06Jg4/01BU0005.png,https://i.ibb.co/yQ06Jg4/01BU0005.png,https://i.ibb.co/w7nntVS/01SW0002.png,https://i.ibb.co/CW07yFH/01TM0020.png,https://i.ibb.co/yQ06Jg4/01BU0005.png,01BU0005.png,01BU0005
[url=https://imgbb.com/][img]https://i.ibb.co/yhf8tnS/08PT0001.png[/img][/url],https://i.ibb.co/yhf8tnS/08PT0001.png,https://i.ibb.co/yhf8tnS/08PT0001.png,[url=https://ibb.co/2qcgGqt][img]https://i.ibb.co/5TsBbT8/01CO0009.png,https://i.ibb.co/S5HQ0Mn/01AM0001.png,https://i.ibb.co/yhf8tnS/08PT0001.png,08PT0001.png,08PT0001
[url=https://imgbb.com/][img]https://i.ibb.co/XyhKk6s/01PREM03.png[/img][/url],https://i.ibb.co/XyhKk6s/01PREM03.png,https://i.ibb.co/XyhKk6s/01PREM03.png,https://i.ibb.co/Gp3bYpB/01TRMA20.png,https://i.ibb.co/1ZvTXRK/01CP0001.png,https://i.ibb.co/XyhKk6s/01PREM03.png,01PREM03.png,01PREM03
[url=https://imgbb.com/][img]https://i.ibb.co/XLCxQ1L/06CA0003.png[/img][/url],https://i.ibb.co/XLCxQ1L/06CA0003.png,https://i.ibb.co/XLCxQ1L/06CA0003.png,[url=https://ibb.co/3FBWpvW][img]https://i.ibb.co/NNZp9rp/01AC0002.png,https://i.ibb.co/Z6fDyqW/01BY0001.png,https://i.ibb.co/XLCxQ1L/06CA0003.png,06CA0003.png,06CA0003
[url=https://imgbb.com/][img]https://i.ibb.co/XLCxQ1L/06CA0003.png[/img][/url],https://i.ibb.co/XLCxQ1L/06CA0003.png,https://i.ibb.co/XLCxQ1L/06CA0003.png,[url=https://ibb.co/2YhR5wX][img]https://i.ibb.co/DgWmLN3/01MG0004.png,https://i.ibb.co/k0RyRyG/01CO0035.png,https://i.ibb.co/XLCxQ1L/06CA0003.png,06CA0003.png,06CA0003
[url=https://imgbb.com/][img]https://i.ibb.co/xjKLLnP/01TMMA09.png[/img][/url],https://i.ibb.co/xjKLLnP/01TMMA09.png,https://i.ibb.co/xjKLLnP/01TMMA09.png,https://i.ibb.co/7JhmN6G/01BY0001.png,https://i.ibb.co/vx3rwhy/01CO0031.png,https://i.ibb.co/xjKLLnP/01TMMA09.png,01TMMA09.png,01TMMA09
[url=https://imgbb.com/][img]https://i.ibb.co/xj6RMrP/03RO0004.png[/img][/url],https://i.ibb.co/xj6RMrP/03RO0004.png,https://i.ibb.co/xj6RMrP/03RO0004.png,[url=https://ibb.co/DCGH9Wn][img]https://i.ibb.co/4Tsn8tx/01AC0004.png,https://i.ibb.co/yWDK3pY/01KT0008.png,https://i.ibb.co/xj6RMrP/03RO0004.png,03RO0004.png,03RO0004
[url=https://imgbb.com/][img]https://i.ibb.co/xhMYR76/01TMMA12.png[/img][/url],https://i.ibb.co/xhMYR76/01TMMA12.png,https://i.ibb.co/xhMYR76/01TMMA12.png,https://i.ibb.co/6WPbhdh/04JU0002.png,.png,https://i.ibb.co/xhMYR76/01TMMA12.png,01TMMA12.png,01TMMA12
[url=https://imgbb.com/][img]https://i.ibb.co/X8krWFT/01EEMA01.png[/img][/url],https://i.ibb.co/X8krWFT/01EEMA01.png,https://i.ibb.co/X8krWFT/01EEMA01.png,https://i.ibb.co/MpbtxLd/01EEMA02.png,https://i.ibb.co/mvLS0WQ/02CO0002.png,https://i.ibb.co/X8krWFT/01EEMA01.png,01EEMA01.png,01EEMA01
[url=https://imgbb.com/][img]https://i.ibb.co/X5k9TN8/03ROMA01.png[/img][/url],https://i.ibb.co/X5k9TN8/03ROMA01.png,https://i.ibb.co/X5k9TN8/03ROMA01.png,[url=https://ibb.co/9GPc1wN][img]https://i.ibb.co/pnqbMWx/01CO0043.png,https://i.ibb.co/phRd3nw/01SW0001.png,https://i.ibb.co/X5k9TN8/03ROMA01.png,03ROMA01.png,03ROMA01
[url=https://imgbb.com/][img]https://i.ibb.co/x3ZWcRt/01TM0011.png[/img][/url],https://i.ibb.co/x3ZWcRt/01TM0011.png,https://i.ibb.co/x3ZWcRt/01TM0011.png,https://i.ibb.co/8mVjx4M/01PI0001.png,https://i.ibb.co/hZ6JRb6/01EM0002.png,https://i.ibb.co/x3ZWcRt/01TM0011.png,01TM0011.png,01TM0011
[url=https://imgbb.com/][img]https://i.ibb.co/x33cTcr/01TU0005.png[/img][/url],https://i.ibb.co/x33cTcr/01TU0005.png,https://i.ibb.co/x33cTcr/01TU0005.png,[url=https://ibb.co/VTSDKpZ][img]https://i.ibb.co/QMNn5jR/01CO0046.png,https://i.ibb.co/PFH91C1/04VA0001.png,https://i.ibb.co/x33cTcr/01TU0005.png,01TU0005.png,01TU0005
[url=https://imgbb.com/][img]https://i.ibb.co/x2N14WC/01TR0007.png[/img][/url],https://i.ibb.co/x2N14WC/01TR0007.png,https://i.ibb.co/x2N14WC/01TR0007.png,https://i.ibb.co/4MWqJVX/01TM0020.png,https://i.ibb.co/8z6jfCB/01TMMA01.png,https://i.ibb.co/x2N14WC/01TR0007.png,01TR0007.png,01TR0007
[url=https://imgbb.com/][img]https://i.ibb.co/x2N14WC/01TR0007.png[/img][/url],https://i.ibb.co/x2N14WC/01TR0007.png,https://i.ibb.co/x2N14WC/01TR0007.png,https://i.ibb.co/0D7kP1d/01CO0033.png,https://i.ibb.co/R0gRMqz/03RO0004.png,https://i.ibb.co/x2N14WC/01TR0007.png,01TR0007.png,01TR0007
[url=https://imgbb.com/][img]https://i.ibb.co/WyXPBTW/01CO0051.png[/img][/url],https://i.ibb.co/WyXPBTW/01CO0051.png,https://i.ibb.co/WyXPBTW/01CO0051.png,https://i.ibb.co/NCLgVDZ/01SW0003.png,https://i.ibb.co/CVYwwZh/01CO0004.png,https://i.ibb.co/WyXPBTW/01CO0051.png,01CO0051.png,01CO0051
[url=https://imgbb.com/][img]https://i.ibb.co/WnD7NHQ/01PE0001.png[/img][/url],https://i.ibb.co/WnD7NHQ/01PE0001.png,https://i.ibb.co/WnD7NHQ/01PE0001.png,https://i.ibb.co/hR3yXBg/01BO0019.png,https://i.ibb.co/XD8Ly9P/06CA0003.png,https://i.ibb.co/WnD7NHQ/01PE0001.png,01PE0001.png,01PE0001
[url=https://imgbb.com/][img]https://i.ibb.co/wKfkHLg/01BO0002.png[/img][/url],https://i.ibb.co/wKfkHLg/01BO0002.png,https://i.ibb.co/wKfkHLg/01BO0002.png,https://i.ibb.co/XyhKk6s/01PREM03.png,https://i.ibb.co/gr2Jm8R/01TRMA01.png,https://i.ibb.co/wKfkHLg/01BO0002.png,01BO0002.png,01BO0002
[url=https://imgbb.com/][img]https://i.ibb.co/wcgndYn/01BOEM08.png[/img][/url],https://i.ibb.co/wcgndYn/01BOEM08.png,https://i.ibb.co/wcgndYn/01BOEM08.png,https://i.ibb.co/x3ZWcRt/01TM0011.png,https://i.ibb.co/9HRQqyv/02COMA06.png,https://i.ibb.co/wcgndYn/01BOEM08.png,01BOEM08.png,01BOEM08
[url=https://imgbb.com/][img]https://i.ibb.co/w7nntVS/01SW0002.png[/img][/url],https://i.ibb.co/w7nntVS/01SW0002.png,https://i.ibb.co/w7nntVS/01SW0002.png,https://i.ibb.co/bmTGkwT/01TU0003.png,https://i.ibb.co/0mYmf1L/01SW0004.png,https://i.ibb.co/w7nntVS/01SW0002.png,01SW0002.png,01SW0002
[url=https://imgbb.com/][img]https://i.ibb.co/w6zh1PW/01CPMA01.png[/img][/url],https://i.ibb.co/w6zh1PW/01CPMA01.png,https://i.ibb.co/w6zh1PW/01CPMA01.png,https://i.ibb.co/n0WdCfP/01TR0004.png,https://i.ibb.co/6XJ0X32/01SL0007.png,https://i.ibb.co/w6zh1PW/01CPMA01.png,01CPMA01.png,01CPMA01
[url=https://imgbb.com/][img]https://i.ibb.co/VYtsVbG/01KT0001.png[/img][/url],https://i.ibb.co/VYtsVbG/01KT0001.png,https://i.ibb.co/VYtsVbG/01KT0001.png,https://i.ibb.co/LhJ3tgX/01BY0007.png,https://i.ibb.co/VpDLRb7/01TU0006.png,https://i.ibb.co/VYtsVbG/01KT0001.png,01KT0001.png,01KT0001
[url=https://imgbb.com/][img]https://i.ibb.co/VxMRrcF/01BOMA22.png[/img][/url],https://i.ibb.co/VxMRrcF/01BOMA22.png,https://i.ibb.co/VxMRrcF/01BOMA22.png,https://i.ibb.co/WyXPBTW/01CO0051.png,https://i.ibb.co/Nt68HD5/01TMMA15.png,https://i.ibb.co/VxMRrcF/01BOMA22.png,01BOMA22.png,01BOMA22
[url=https://imgbb.com/][img]https://i.ibb.co/vs7Khzb/04JU0001.png[/img][/url],https://i.ibb.co/vs7Khzb/04JU0001.png,https://i.ibb.co/vs7Khzb/04JU0001.png,[url=https://ibb.co/6HMDQ47][img]https://i.ibb.co/D9Jwd7H/01SL0011.png,https://i.ibb.co/d7LHvMg/01TU0002.png,https://i.ibb.co/vs7Khzb/04JU0001.png,04JU0001.png,04JU0001
[url=https://imgbb.com/][img]https://i.ibb.co/VHVSh4Z/01VAMA01.png[/img][/url],https://i.ibb.co/VHVSh4Z/01VAMA01.png,https://i.ibb.co/VHVSh4Z/01VAMA01.png,[url=https://ibb.co/pWwKdMV][img]https://i.ibb.co/B436BQW/01CO0042.png,https://i.ibb.co/pvsRzTN/08PT0003.png,https://i.ibb.co/VHVSh4Z/01VAMA01.png,01VAMA01.png,01VAMA01
[url=https://imgbb.com/][img]https://i.ibb.co/VgqPS7K/01TMMA01.png[/img][/url],https://i.ibb.co/VgqPS7K/01TMMA01.png,https://i.ibb.co/VgqPS7K/01TMMA01.png,https://i.ibb.co/7yNZK3b/03ROMA04.png,.png,https://i.ibb.co/VgqPS7K/01TMMA01.png,01TMMA01.png,01TMMA01
[url=https://imgbb.com/][img]https://i.ibb.co/VCf2jrX/01SL0003.png[/img][/url],https://i.ibb.co/VCf2jrX/01SL0003.png,https://i.ibb.co/VCf2jrX/01SL0003.png,https://i.ibb.co/DCKtKd5/01TM0009.png,https://i.ibb.co/9NqNB2T/01SL0009.png,https://i.ibb.co/VCf2jrX/01SL0003.png,01SL0003.png,01SL0003
[url=https://imgbb.com/][img]https://i.ibb.co/v1j6XQ6/02COMA02.png[/img][/url],https://i.ibb.co/v1j6XQ6/02COMA02.png,https://i.ibb.co/v1j6XQ6/02COMA02.png,[url=https://ibb.co/Jmrnczz][img]https://i.ibb.co/jb3h8LL/01CO0045.png,https://i.ibb.co/Pg22qVW/02TU0001.png,https://i.ibb.co/v1j6XQ6/02COMA02.png,02COMA02.png,02COMA02
[url=https://imgbb.com/][img]https://i.ibb.co/v160Hz4/01CA0001.png[/img][/url],https://i.ibb.co/v160Hz4/01CA0001.png,https://i.ibb.co/v160Hz4/01CA0001.png,https://i.ibb.co/VCf2jrX/01SL0003.png,https://i.ibb.co/f183P7N/03RO0006.png,https://i.ibb.co/v160Hz4/01CA0001.png,01CA0001.png,01CA0001
[url=https://imgbb.com/][img]https://i.ibb.co/Tq3FqnZ/01CO0006.png[/img][/url],https://i.ibb.co/Tq3FqnZ/01CO0006.png,https://i.ibb.co/Tq3FqnZ/01CO0006.png,https://i.ibb.co/r7Jgzvv/01BA0002.png,https://i.ibb.co/Yfk9mLD/01BU0001.png,https://i.ibb.co/Tq3FqnZ/01CO0006.png,01CO0006.png,01CO0006
[url=https://imgbb.com/][img]https://i.ibb.co/TMdfWZ2/01CA0008.png[/img][/url],https://i.ibb.co/TMdfWZ2/01CA0008.png,https://i.ibb.co/TMdfWZ2/01CA0008.png,https://i.ibb.co/Tq3FqnZ/01CO0006.png,https://i.ibb.co/S5QmXKp/01MG0002.png,https://i.ibb.co/TMdfWZ2/01CA0008.png,01CA0008.png,01CA0008
[url=https://imgbb.com/][img]https://i.ibb.co/SxqJFtZ/01TR0008.png[/img][/url],https://i.ibb.co/SxqJFtZ/01TR0008.png,https://i.ibb.co/SxqJFtZ/01TR0008.png,https://i.ibb.co/41GRcTx/01VAMA03.png,.png,https://i.ibb.co/SxqJFtZ/01TR0008.png,01TR0008.png,01TR0008
[url=https://imgbb.com/][img]https://i.ibb.co/sWVNHzQ/02CO0001.png[/img][/url],https://i.ibb.co/sWVNHzQ/02CO0001.png,https://i.ibb.co/sWVNHzQ/02CO0001.png,[url=https://ibb.co/nc8371x][img]https://i.ibb.co/xj8m1gx/01PO0001.png,https://i.ibb.co/HF5NbRX/01TJEM01.png,https://i.ibb.co/sWVNHzQ/02CO0001.png,02CO0001.png,02CO0001
[url=https://imgbb.com/][img]https://i.ibb.co/styYWb6/01CO0001.png[/img][/url],https://i.ibb.co/styYWb6/01CO0001.png,https://i.ibb.co/styYWb6/01CO0001.png,https://i.ibb.co/rwMnvzd/01MG0007.png,https://i.ibb.co/JnrbRmk/01VAEM10.png,https://i.ibb.co/styYWb6/01CO0001.png,01CO0001.png,01CO0001
[url=https://imgbb.com/][img]https://i.ibb.co/st5T08K/01TMMA20.png[/img][/url],https://i.ibb.co/st5T08K/01TMMA20.png,https://i.ibb.co/st5T08K/01TMMA20.png,https://i.ibb.co/6Jwdzn9/01SL0010.png,https://i.ibb.co/dc7zLxN/01CO0034.png,https://i.ibb.co/st5T08K/01TMMA20.png,01TMMA20.png,01TMMA20
[url=https://imgbb.com/][img]https://i.ibb.co/SrZtnPC/01TU0002.png[/img][/url],https://i.ibb.co/SrZtnPC/01TU0002.png,https://i.ibb.co/SrZtnPC/01TU0002.png,[url=https://ibb.co/X8hs2gs][img]https://i.ibb.co/nCHcgvc/01CO0018.png,https://i.ibb.co/RpT3gwH/01EEMA02.png,https://i.ibb.co/SrZtnPC/01TU0002.png,01TU0002.png,01TU0002
[url=https://imgbb.com/][img]https://i.ibb.co/SrtwxW3/01RE0005.png[/img][/url],https://i.ibb.co/SrtwxW3/01RE0005.png,https://i.ibb.co/SrtwxW3/01RE0005.png,https://i.ibb.co/fqLX4cJ/01TU0006.png,.png,https://i.ibb.co/SrtwxW3/01RE0005.png,01RE0005.png,01RE0005
[url=https://imgbb.com/][img]https://i.ibb.co/sPkQB88/01CA0009.png[/img][/url],https://i.ibb.co/sPkQB88/01CA0009.png,https://i.ibb.co/sPkQB88/01CA0009.png,https://i.ibb.co/TMdfWZ2/01CA0008.png,https://i.ibb.co/tQF3mP7/03ROMA04.png,https://i.ibb.co/sPkQB88/01CA0009.png,01CA0009.png,01CA0009
[url=https://imgbb.com/][img]https://i.ibb.co/sKh2YW2/01BU0003.png[/img][/url],https://i.ibb.co/sKh2YW2/01BU0003.png,https://i.ibb.co/sKh2YW2/01BU0003.png,https://i.ibb.co/wKfkHLg/01BO0002.png,https://i.ibb.co/xSnWfc7/01SE0003.png,https://i.ibb.co/sKh2YW2/01BU0003.png,01BU0003.png,01BU0003
[url=https://imgbb.com/][img]https://i.ibb.co/SJcf972/04CU0001.png[/img][/url],https://i.ibb.co/SJcf972/04CU0001.png,https://i.ibb.co/SJcf972/04CU0001.png,[url=https://ibb.co/7Yc6tVT][img]https://i.ibb.co/qyGPY94/01CA0002.png,https://i.ibb.co/VDJGZq2/01AR0002.png,https://i.ibb.co/SJcf972/04CU0001.png,04CU0001.png,04CU0001
[url=https://imgbb.com/][img]https://i.ibb.co/s5ZSkgt/01CA0005.png[/img][/url],https://i.ibb.co/s5ZSkgt/01CA0005.png,https://i.ibb.co/s5ZSkgt/01CA0005.png,https://i.ibb.co/v160Hz4/01CA0001.png,https://i.ibb.co/vdLQwjV/01TR0014.png,https://i.ibb.co/s5ZSkgt/01CA0005.png,01CA0005.png,01CA0005
[url=https://imgbb.com/][img]https://i.ibb.co/Rz8mcWn/01BU0001.png[/img][/url],https://i.ibb.co/Rz8mcWn/01BU0001.png,https://i.ibb.co/Rz8mcWn/01BU0001.png,https://i.ibb.co/WnD7NHQ/01PE0001.png,https://i.ibb.co/JBMWXHw/01CO0049.jpg,https://i.ibb.co/Rz8mcWn/01BU0001.png,01BU0001.png,01BU0001
[url=https://imgbb.com/][img]https://i.ibb.co/rwMnvzd/01MG0007.png[/img][/url],https://i.ibb.co/rwMnvzd/01MG0007.png,https://i.ibb.co/rwMnvzd/01MG0007.png,https://i.ibb.co/jJPk9wM/01TR0011.png,https://i.ibb.co/59PrCJ9/04JU0003.png,https://i.ibb.co/rwMnvzd/01MG0007.png,01MG0007.png,01MG0007
[url=https://imgbb.com/][img]https://i.ibb.co/Rgftw9s/01CO0004.png[/img][/url],https://i.ibb.co/Rgftw9s/01CO0004.png,https://i.ibb.co/Rgftw9s/01CO0004.png,https://i.ibb.co/RCnrHv7/02COMA05.png,.png,https://i.ibb.co/Rgftw9s/01CO0004.png,01CO0004.png,01CO0004
[url=https://imgbb.com/][img]https://i.ibb.co/rFS97tH/01EM0002.png[/img][/url],https://i.ibb.co/rFS97tH/01EM0002.png,https://i.ibb.co/rFS97tH/01EM0002.png,https://i.ibb.co/MCTr48T/01CO0035.png,https://i.ibb.co/QPkFjp8/01MD0002.png,https://i.ibb.co/rFS97tH/01EM0002.png,01EM0002.png,01EM0002
[url=https://imgbb.com/][img]https://i.ibb.co/RCnrHv7/02COMA05.png[/img][/url],https://i.ibb.co/RCnrHv7/02COMA05.png,https://i.ibb.co/RCnrHv7/02COMA05.png,[url=https://ibb.co/jGY6Wqb][img]https://i.ibb.co/0ZLDF1m/01CO0040.png,https://i.ibb.co/pXzXwS1/01RE0010.png,https://i.ibb.co/RCnrHv7/02COMA05.png,02COMA05.png,02COMA05
[url=https://imgbb.com/][img]https://i.ibb.co/RCdfGLy/01SW0018.png[/img][/url],https://i.ibb.co/RCdfGLy/01SW0018.png,https://i.ibb.co/RCdfGLy/01SW0018.png,https://i.ibb.co/B2KP1wj/01SW0001.png,https://i.ibb.co/d2B40Tr/01AC0003.png,https://i.ibb.co/RCdfGLy/01SW0018.png,01SW0018.png,01SW0018
[url=https://imgbb.com/][img]https://i.ibb.co/r7Jgzvv/01BA0002.png[/img][/url],https://i.ibb.co/r7Jgzvv/01BA0002.png,https://i.ibb.co/r7Jgzvv/01BA0002.png,https://i.ibb.co/YT9G59P/02CO0004.png,.png,https://i.ibb.co/r7Jgzvv/01BA0002.png,01BA0002.png,01BA0002
[url=https://imgbb.com/][img]https://i.ibb.co/r5Zm7mh/03RO0010.png[/img][/url],https://i.ibb.co/r5Zm7mh/03RO0010.png,https://i.ibb.co/r5Zm7mh/03RO0010.png,[url=https://ibb.co/9VShMLs][img]https://i.ibb.co/b2DFfZz/01CO0015.png,https://i.ibb.co/rsVpX9S/01EMMA01.png,https://i.ibb.co/r5Zm7mh/03RO0010.png,03RO0010.png,03RO0010
[url=https://imgbb.com/][img]https://i.ibb.co/r5SjHQv/01MD0001.png[/img][/url],https://i.ibb.co/r5SjHQv/01MD0001.png,https://i.ibb.co/r5SjHQv/01MD0001.png,https://i.ibb.co/K94Q37m/01TM0006.png,https://i.ibb.co/B3CZYZ1/01BO0001.png,https://i.ibb.co/r5SjHQv/01MD0001.png,01MD0001.png,01MD0001
[url=https://imgbb.com/][img]https://i.ibb.co/r4stvWv/01TJEM01.png[/img][/url],https://i.ibb.co/r4stvWv/01TJEM01.png,https://i.ibb.co/r4stvWv/01TJEM01.png,https://i.ibb.co/8zjbLz3/01BU0004.png,https://i.ibb.co/wgFqDxJ/01MD0003.png,https://i.ibb.co/r4stvWv/01TJEM01.png,01TJEM01.png,01TJEM01
[url=https://imgbb.com/][img]https://i.ibb.co/QX0RX7R/01TRMA01.png[/img][/url],https://i.ibb.co/QX0RX7R/01TRMA01.png,https://i.ibb.co/QX0RX7R/01TRMA01.png,https://i.ibb.co/0yGYsCx/01AR0003.png,https://i.ibb.co/ykHNyjN/03R0007.png,https://i.ibb.co/QX0RX7R/01TRMA01.png,01TRMA01.png,01TRMA01
[url=https://imgbb.com/][img]https://i.ibb.co/qsqLcZk/01TMNA09.png[/img][/url],https://i.ibb.co/qsqLcZk/01TMNA09.png,https://i.ibb.co/qsqLcZk/01TMNA09.png,https://i.ibb.co/5rfPxzV/01CAMA00.png,https://i.ibb.co/T2z513s/02CO0008.png,https://i.ibb.co/qsqLcZk/01TMNA09.png,01TMNA09.png,01TMNA09
[url=https://imgbb.com/][img]https://i.ibb.co/qRmyB9y/08PT0004.png[/img][/url],https://i.ibb.co/qRmyB9y/08PT0004.png,https://i.ibb.co/qRmyB9y/08PT0004.png,[url=https://ibb.co/17P3zwv][img]https://i.ibb.co/tQvSLWm/01PI0002.png,https://i.ibb.co/Hn306SS/01TU0005.png,https://i.ibb.co/qRmyB9y/08PT0004.png,08PT0004.png,08PT0004
[url=https://imgbb.com/][img]https://i.ibb.co/QkSDwP5/01CO0005.png[/img][/url],https://i.ibb.co/QkSDwP5/01CO0005.png,https://i.ibb.co/QkSDwP5/01CO0005.png,https://i.ibb.co/RCdfGLy/01SW0018.png,https://i.ibb.co/cv6FMNq/01BU0007.png,https://i.ibb.co/QkSDwP5/01CO0005.png,01CO0005.png,01CO0005
[url=https://imgbb.com/][img]https://i.ibb.co/qjTsvSP/01TR0009.png[/img][/url],https://i.ibb.co/qjTsvSP/01TR0009.png,https://i.ibb.co/qjTsvSP/01TR0009.png,https://i.ibb.co/3vJ1M3h/01CO0034.png,https://i.ibb.co/qr0dNjg/01SL0008.png,https://i.ibb.co/qjTsvSP/01TR0009.png,01TR0009.png,01TR0009
[url=https://imgbb.com/][img]https://i.ibb.co/QJfJCfv/01SWEM03.png[/img][/url],https://i.ibb.co/QJfJCfv/01SWEM03.png,https://i.ibb.co/QJfJCfv/01SWEM03.png,https://i.ibb.co/9sfK3hc/03RO0007.png,.png,https://i.ibb.co/QJfJCfv/01SWEM03.png,01SWEM03.png,01SWEM03
[url=https://imgbb.com/][img]https://i.ibb.co/q9Vym8r/02CO0002.png[/img][/url],https://i.ibb.co/q9Vym8r/02CO0002.png,https://i.ibb.co/q9Vym8r/02CO0002.png,[url=https://ibb.co/MP5tvDS][img]https://i.ibb.co/Zc1Fj6X/01CO0049.png,https://i.ibb.co/nz3xYx8/01BO0003.png,https://i.ibb.co/q9Vym8r/02CO0002.png,02CO0002.png,02CO0002
[url=https://imgbb.com/][img]https://i.ibb.co/Q9NJ50Y/01TM0015.png[/img][/url],https://i.ibb.co/Q9NJ50Y/01TM0015.png,https://i.ibb.co/Q9NJ50Y/01TM0015.png,https://i.ibb.co/8KYKnCc/03R0009.png,png,https://i.ibb.co/Q9NJ50Y/01TM0015.png,01TM0015.png,01TM0015
[url=https://imgbb.com/][img]https://i.ibb.co/Q8mbn5G/08PT0002.png[/img][/url],https://i.ibb.co/Q8mbn5G/08PT0002.png,https://i.ibb.co/Q8mbn5G/08PT0002.png,[url=https://ibb.co/2Pcbk41][img]https://i.ibb.co/k0qdSCs/01VA0001.png,https://i.ibb.co/k0qdSCs/01VA0001.png,https://i.ibb.co/Q8mbn5G/08PT0002.png,08PT0002.png,08PT0002
[url=https://imgbb.com/][img]https://i.ibb.co/PZWmB4v/01WH0020.png[/img][/url],https://i.ibb.co/PZWmB4v/01WH0020.png,https://i.ibb.co/PZWmB4v/01WH0020.png,[url=https://ibb.co/NyzHDww][img]https://i.ibb.co/jrF1077/01AR0001.png,https://i.ibb.co/yN3YJ4b/01TMMA09.png,https://i.ibb.co/PZWmB4v/01WH0020.png,01WH0020.png,01WH0020
[url=https://imgbb.com/][img]https://i.ibb.co/PWFNCmT/01TRMA22.png[/img][/url],https://i.ibb.co/PWFNCmT/01TRMA22.png,https://i.ibb.co/PWFNCmT/01TRMA22.png,[url=https://ibb.co/ykSqFZ1][img]https://i.ibb.co/qg5pYcf/01AC0003.png,https://i.ibb.co/yXM9R48/01AC0002.png,https://i.ibb.co/PWFNCmT/01TRMA22.png,01TRMA22.png,01TRMA22
[url=https://imgbb.com/][img]https://i.ibb.co/PTHn9Kp/01MG0006.png[/img][/url],https://i.ibb.co/PTHn9Kp/01MG0006.png,https://i.ibb.co/PTHn9Kp/01MG0006.png,https://i.ibb.co/jM6sgcK/01SL0002.png,https://i.ibb.co/f4TL3c3/01TM0009.png,https://i.ibb.co/PTHn9Kp/01MG0006.png,01MG0006.png,01MG0006
[url=https://imgbb.com/][img]https://i.ibb.co/pQrvMCm/03RO0005.png[/img][/url],https://i.ibb.co/pQrvMCm/03RO0005.png,https://i.ibb.co/pQrvMCm/03RO0005.png,[url=https://ibb.co/DbJv0bk][img]https://i.ibb.co/RSFsRSP/01CO0039.png,https://i.ibb.co/pzT5GBw/01SWEM03.png,https://i.ibb.co/pQrvMCm/03RO0005.png,03RO0005.png,03RO0005
[url=https://imgbb.com/][img]https://i.ibb.co/phx3Txw/01BO0050.png[/img][/url],https://i.ibb.co/phx3Txw/01BO0050.png,https://i.ibb.co/phx3Txw/01BO0050.png,https://i.ibb.co/X8krWFT/01EEMA01.png,https://i.ibb.co/n8bqvc3/01SW0003.png,https://i.ibb.co/phx3Txw/01BO0050.png,01BO0050.png,01BO0050
[url=https://imgbb.com/][img]https://i.ibb.co/PFW3YtM/01TH0001.png[/img][/url],https://i.ibb.co/PFW3YtM/01TH0001.png,https://i.ibb.co/PFW3YtM/01TH0001.png,https://i.ibb.co/9919fmr/01PE0002.png,https://i.ibb.co/HzM1FJP/01MG0020.png,https://i.ibb.co/PFW3YtM/01TH0001.png,01TH0001.png,01TH0001
[url=https://imgbb.com/][img]https://i.ibb.co/PFt5DyG/01TR0024.png[/img][/url],https://i.ibb.co/PFt5DyG/01TR0024.png,https://i.ibb.co/PFt5DyG/01TR0024.png,https://i.ibb.co/1bPkTFC/01RE0006.png,https://i.ibb.co/GHGZ8sQ/02MTMA01.png,https://i.ibb.co/PFt5DyG/01TR0024.png,01TR0024.png,01TR0024
[url=https://imgbb.com/][img]https://i.ibb.co/pfhYzx7/02COMA00.png[/img][/url],https://i.ibb.co/pfhYzx7/02COMA00.png,https://i.ibb.co/pfhYzx7/02COMA00.png,[url=https://ibb.co/Jx0PqdX][img]https://i.ibb.co/q0XwCnb/01CO0011.png,https://i.ibb.co/s1j3vrC/01RE0009.png,https://i.ibb.co/pfhYzx7/02COMA00.png,02COMA00.png,02COMA00
[url=https://imgbb.com/][img]https://i.ibb.co/nssRyvN/01SWEM05.png[/img][/url],https://i.ibb.co/nssRyvN/01SWEM05.png,https://i.ibb.co/nssRyvN/01SWEM05.png,https://i.ibb.co/9hnH7n6/01SW0004.png,https://i.ibb.co/cvTWq4F/01RE0007.png,https://i.ibb.co/nssRyvN/01SWEM05.png,01SWEM05.png,01SWEM05
[url=https://imgbb.com/][img]https://i.ibb.co/nRJHspB/04VA0001.png[/img][/url],https://i.ibb.co/nRJHspB/04VA0001.png,https://i.ibb.co/nRJHspB/04VA0001.png,[url=https://ibb.co/4gzW0vQ][img]https://i.ibb.co/Z15db4Z/05LL0001.png,https://i.ibb.co/Z15db4Z/05LL0001.png,https://i.ibb.co/nRJHspB/04VA0001.png,04VA0001.png,04VA0001
[url=https://imgbb.com/][img]https://i.ibb.co/nP3X1c2/01TMMA06.png[/img][/url],https://i.ibb.co/nP3X1c2/01TMMA06.png,https://i.ibb.co/nP3X1c2/01TMMA06.png,https://i.ibb.co/7NNy2fj/01BU0006.png,https://i.ibb.co/W3f1Tjk/01TR0015.png,https://i.ibb.co/nP3X1c2/01TMMA06.png,01TMMA06.png,01TMMA06
[url=https://imgbb.com/][img]https://i.ibb.co/NN2FNhJ/03RO0009.png[/img][/url],https://i.ibb.co/NN2FNhJ/03RO0009.png,https://i.ibb.co/NN2FNhJ/03RO0009.png,[url=https://ibb.co/bzFbxf9][img]https://i.ibb.co/FgXH9PT/01CO0047.png,https://i.ibb.co/PDZ5FfN/01KT0001.png,https://i.ibb.co/NN2FNhJ/03RO0009.png,03RO0009.png,03RO0009
[url=https://imgbb.com/][img]https://i.ibb.co/NmR9CRR/02COMA06.png[/img][/url],https://i.ibb.co/NmR9CRR/02COMA06.png,https://i.ibb.co/NmR9CRR/02COMA06.png,[url=https://ibb.co/JCxvWKG][img]https://i.ibb.co/9GwbmN1/01BO0022.png,https://i.ibb.co/x7FLvNY/01BO0022.png,https://i.ibb.co/NmR9CRR/02COMA06.png,02COMA06.png,02COMA06
[url=https://imgbb.com/][img]https://i.ibb.co/nM75nFp/02AC0001.png[/img][/url],https://i.ibb.co/nM75nFp/02AC0001.png,https://i.ibb.co/nM75nFp/02AC0001.png,[url=https://ibb.co/nCkK9YS][img]https://i.ibb.co/3zhP2jH/01TR0019.png,https://i.ibb.co/4jgVQjq/01BO0001.jpg,https://i.ibb.co/nM75nFp/02AC0001.png,02AC0001.png,02AC0001
[url=https://imgbb.com/][img]https://i.ibb.co/NLRNDdb/04VA0002.png[/img][/url],https://i.ibb.co/NLRNDdb/04VA0002.png,https://i.ibb.co/NLRNDdb/04VA0002.png,[url=https://ibb.co/4FQWwtF][img]https://i.ibb.co/kGdKVBG/01CO0025.png,https://i.ibb.co/RHZnHck/01TM0015.png,https://i.ibb.co/NLRNDdb/04VA0002.png,04VA0002.png,04VA0002
[url=https://imgbb.com/][img]https://i.ibb.co/NCLgVDZ/01SW0003.png[/img][/url],https://i.ibb.co/NCLgVDZ/01SW0003.png,https://i.ibb.co/NCLgVDZ/01SW0003.png,https://i.ibb.co/bLbVw0x/01EMMA01.png,https://i.ibb.co/MRZJYvy/01PREM01.png,https://i.ibb.co/NCLgVDZ/01SW0003.png,01SW0003.png,01SW0003
[url=https://imgbb.com/][img]https://i.ibb.co/N6LbV33/01MDMA01.png[/img][/url],https://i.ibb.co/N6LbV33/01MDMA01.png,https://i.ibb.co/N6LbV33/01MDMA01.png,https://i.ibb.co/k01CSdg/01MG0008.png,https://i.ibb.co/jJ1w8qC/01TMMA12.png,https://i.ibb.co/N6LbV33/01MDMA01.png,01MDMA01.png,01MDMA01
[url=https://imgbb.com/][img]https://i.ibb.co/n6ffDQS/01CO0002.png[/img][/url],https://i.ibb.co/n6ffDQS/01CO0002.png,https://i.ibb.co/n6ffDQS/01CO0002.png,https://i.ibb.co/Rgftw9s/01CO0004.png,https://i.ibb.co/sg2Vpmx/01VAMA04.png,https://i.ibb.co/n6ffDQS/01CO0002.png,01CO0002.png,01CO0002
[url=https://imgbb.com/][img]https://i.ibb.co/n0WdCfP/01TR0004.png[/img][/url],https://i.ibb.co/n0WdCfP/01TR0004.png,https://i.ibb.co/n0WdCfP/01TR0004.png,https://i.ibb.co/582NBfW/04JU0003.png,.png,https://i.ibb.co/n0WdCfP/01TR0004.png,01TR0004.png,01TR0004
[url=https://imgbb.com/][img]https://i.ibb.co/mSwfQSN/01CO0031.png[/img][/url],https://i.ibb.co/mSwfQSN/01CO0031.png,https://i.ibb.co/mSwfQSN/01CO0031.png,https://i.ibb.co/QJfJCfv/01SWEM03.png,https://i.ibb.co/ccStp28/01TM0011.png,https://i.ibb.co/mSwfQSN/01CO0031.png,01CO0031.png,01CO0031
[url=https://imgbb.com/][img]https://i.ibb.co/MpbtxLd/01EEMA02.png[/img][/url],https://i.ibb.co/MpbtxLd/01EEMA02.png,https://i.ibb.co/MpbtxLd/01EEMA02.png,https://i.ibb.co/MnfXnVh/01CO0032.png,https://i.ibb.co/R48s221/02AC0001.png,https://i.ibb.co/MpbtxLd/01EEMA02.png,01EEMA02.png,01EEMA02
[url=https://imgbb.com/][img]https://i.ibb.co/MnfXnVh/01CO0032.png[/img][/url],https://i.ibb.co/MnfXnVh/01CO0032.png,https://i.ibb.co/MnfXnVh/01CO0032.png,https://i.ibb.co/q9Vym8r/02CO0002.png,.png,https://i.ibb.co/MnfXnVh/01CO0032.png,01CO0032.png,01CO0032
[url=https://imgbb.com/][img]https://i.ibb.co/mFR8DDm/03RO0008.png[/img][/url],https://i.ibb.co/mFR8DDm/03RO0008.png,https://i.ibb.co/mFR8DDm/03RO0008.png,[url=https://ibb.co/CV3q5qL][img]https://i.ibb.co/5sgdWdZ/01CA0013.png,https://i.ibb.co/TgtGfrb/01AAMA01.png,https://i.ibb.co/mFR8DDm/03RO0008.png,03RO0008.png,03RO0008
[url=https://imgbb.com/][img]https://i.ibb.co/MCTr48T/01CO0035.png[/img][/url],https://i.ibb.co/MCTr48T/01CO0035.png,https://i.ibb.co/MCTr48T/01CO0035.png,https://i.ibb.co/PZWmB4v/01WH0020.png,.png,https://i.ibb.co/MCTr48T/01CO0035.png,01CO0035.png,01CO0035
[url=https://imgbb.com/][img]https://i.ibb.co/m6QCg0N/01SL0009.png[/img][/url],https://i.ibb.co/m6QCg0N/01SL0009.png,https://i.ibb.co/m6QCg0N/01SL0009.png,https://i.ibb.co/cFHjtMj/01CAMA02.png,https://i.ibb.co/SxWdgN9/01BO0008.png,https://i.ibb.co/m6QCg0N/01SL0009.png,01SL0009.png,01SL0009
[url=https://imgbb.com/][img]https://i.ibb.co/M5wFpbn/01TR0017.png[/img][/url],https://i.ibb.co/M5wFpbn/01TR0017.png,https://i.ibb.co/M5wFpbn/01TR0017.png,https://i.ibb.co/2dPK4Mt/01ZA0001.png,.png,https://i.ibb.co/M5wFpbn/01TR0017.png,01TR0017.png,01TR0017
[url=https://imgbb.com/][img]https://i.ibb.co/LnnL4Rj/01TR0015.png[/img][/url],https://i.ibb.co/LnnL4Rj/01TR0015.png,https://i.ibb.co/LnnL4Rj/01TR0015.png,https://i.ibb.co/2kyDX8y/01MDMA02.png,https://i.ibb.co/KWfp7vb/01TR0009.png,https://i.ibb.co/LnnL4Rj/01TR0015.png,01TR0015.png,01TR0015
[url=https://imgbb.com/][img]https://i.ibb.co/LhJ3tgX/01BY0007.png[/img][/url],https://i.ibb.co/LhJ3tgX/01BY0007.png,https://i.ibb.co/LhJ3tgX/01BY0007.png,https://i.ibb.co/VgqPS7K/01TMMA01.png,https://i.ibb.co/87rM6TQ/01TRMA02.png,https://i.ibb.co/LhJ3tgX/01BY0007.png,01BY0007.png,01BY0007
[url=https://imgbb.com/][img]https://i.ibb.co/L1qNHMH/01TM0001.png[/img][/url],https://i.ibb.co/L1qNHMH/01TM0001.png,https://i.ibb.co/L1qNHMH/01TM0001.png,https://i.ibb.co/8YCn8VR/02CO0008.png,.png,https://i.ibb.co/L1qNHMH/01TM0001.png,01TM0001.png,01TM0001
[url=https://imgbb.com/][img]https://i.ibb.co/KznMNdG/01AC0001.png[/img][/url],https://i.ibb.co/KznMNdG/01AC0001.png,https://i.ibb.co/KznMNdG/01AC0001.png,https://i.ibb.co/zVhg7rs/01SL0008.png,https://i.ibb.co/dGhQtqK/01TRMA03.png,https://i.ibb.co/KznMNdG/01AC0001.png,01AC0001.png,01AC0001
[url=https://imgbb.com/][img]https://i.ibb.co/KW4K6qW/01CAMA01.png[/img][/url],https://i.ibb.co/KW4K6qW/01CAMA01.png,https://i.ibb.co/KW4K6qW/01CAMA01.png,https://i.ibb.co/SrtwxW3/01RE0005.png,https://i.ibb.co/gJ5mmqC/03RO0010.png,https://i.ibb.co/KW4K6qW/01CAMA01.png,01CAMA01.png,01CAMA01
[url=https://imgbb.com/][img]https://i.ibb.co/KLR7wL3/01BY0004.png[/img][/url],https://i.ibb.co/KLR7wL3/01BY0004.png,https://i.ibb.co/KLR7wL3/01BY0004.png,https://i.ibb.co/VHVSh4Z/01VAMA01.png,.png,https://i.ibb.co/KLR7wL3/01BY0004.png,01BY0004.png,01BY0004
[url=https://imgbb.com/][img]https://i.ibb.co/kG00JpP/02CO0005.png[/img][/url],https://i.ibb.co/kG00JpP/02CO0005.png,https://i.ibb.co/kG00JpP/02CO0005.png,[url=https://ibb.co/Kj737bc][img]https://i.ibb.co/3yWLW45/01TU0007.png,https://i.ibb.co/3yWLW45/01TU0007.png,https://i.ibb.co/kG00JpP/02CO0005.png,02CO0005.png,02CO0005
[url=https://imgbb.com/][img]https://i.ibb.co/kcLFpSR/01PO0003.png[/img][/url],https://i.ibb.co/kcLFpSR/01PO0003.png,https://i.ibb.co/kcLFpSR/01PO0003.png,https://i.ibb.co/Gtjc7DK/01CAMA03.png,https://i.ibb.co/Sv6X9P7/03RO0011.png,https://i.ibb.co/kcLFpSR/01PO0003.png,01PO0003.png,01PO0003
[url=https://imgbb.com/][img]https://i.ibb.co/K94Q37m/01TM0006.png[/img][/url],https://i.ibb.co/K94Q37m/01TM0006.png,https://i.ibb.co/K94Q37m/01TM0006.png,https://i.ibb.co/8r88b9Y/01AR0002.png,https://i.ibb.co/ykpM9hw/01BOEM08.png,https://i.ibb.co/K94Q37m/01TM0006.png,01TM0006.png,01TM0006
[url=https://imgbb.com/][img]https://i.ibb.co/K21kXBZ/02COMA01.png[/img][/url],https://i.ibb.co/K21kXBZ/02COMA01.png,https://i.ibb.co/K21kXBZ/02COMA01.png,[url=https://ibb.co/Jq0fK2d][img]https://i.ibb.co/zFjyrb5/01CL0001.png,https://i.ibb.co/SNv0FZn/02CO0001.png,https://i.ibb.co/K21kXBZ/02COMA01.png,02COMA01.png,02COMA01
[url=https://imgbb.com/][img]https://i.ibb.co/K0n7rbd/01RE0010.png[/img][/url],https://i.ibb.co/K0n7rbd/01RE0010.png,https://i.ibb.co/K0n7rbd/01RE0010.png,https://i.ibb.co/Fhdv0Fr/03R0007.png,png,https://i.ibb.co/K0n7rbd/01RE0010.png,01RE0010.png,01RE0010
[url=https://imgbb.com/][img]https://i.ibb.co/k01CSdg/01MG0008.png[/img][/url],https://i.ibb.co/k01CSdg/01MG0008.png,https://i.ibb.co/k01CSdg/01MG0008.png,https://i.ibb.co/J53XCH7/02MTMA01.png,.png,https://i.ibb.co/k01CSdg/01MG0008.png,01MG0008.png,01MG0008
[url=https://imgbb.com/][img]https://i.ibb.co/jWynz0B/01MG0015.png[/img][/url],https://i.ibb.co/jWynz0B/01MG0015.png,https://i.ibb.co/jWynz0B/01MG0015.png,https://i.ibb.co/HXXfWQC/01CO0053.png,https://i.ibb.co/NNqZmg9/01BU0003.png,https://i.ibb.co/jWynz0B/01MG0015.png,01MG0015.png,01MG0015
[url=https://imgbb.com/][img]https://i.ibb.co/jvvx4zG/04CU0002.png[/img][/url],https://i.ibb.co/jvvx4zG/04CU0002.png,https://i.ibb.co/jvvx4zG/04CU0002.png,[url=https://ibb.co/6yD6d0b][img]https://i.ibb.co/grtsnZw/01CO0013.png,https://i.ibb.co/Rz8xyGW/01ACMA04.png,https://i.ibb.co/jvvx4zG/04CU0002.png,04CU0002.png,04CU0002
[url=https://imgbb.com/][img]https://i.ibb.co/JrbTY5Z/01TM0012.png[/img][/url],https://i.ibb.co/JrbTY5Z/01TM0012.png,https://i.ibb.co/JrbTY5Z/01TM0012.png,https://i.ibb.co/8mtc0tv/01KT0005.png,https://i.ibb.co/LztQ9P2/01AR0003.png,https://i.ibb.co/JrbTY5Z/01TM0012.png,01TM0012.png,01TM0012
[url=https://imgbb.com/][img]https://i.ibb.co/jR5vLX7/03RO0006.png[/img][/url],https://i.ibb.co/jR5vLX7/03RO0006.png,https://i.ibb.co/jR5vLX7/03RO0006.png,[url=https://ibb.co/D5k5GPP][img]https://i.ibb.co/J525xWW/01MG0003.png,https://i.ibb.co/k10c0v9/01MD0001.png,https://i.ibb.co/jR5vLX7/03RO0006.png,03RO0006.png,03RO0006
[url=https://imgbb.com/][img]https://i.ibb.co/JQkHSjR/01SE0001.png[/img][/url],https://i.ibb.co/JQkHSjR/01SE0001.png,https://i.ibb.co/JQkHSjR/01SE0001.png,https://i.ibb.co/fC8Q851/01TRMA18.png,https://i.ibb.co/2MrWzh7/01CO0038.png,https://i.ibb.co/JQkHSjR/01SE0001.png,01SE0001.png,01SE0001
[url=https://imgbb.com/][img]https://i.ibb.co/Jn7CmKS/01SL0007.png[/img][/url],https://i.ibb.co/Jn7CmKS/01SL0007.png,https://i.ibb.co/Jn7CmKS/01SL0007.png,https://i.ibb.co/CJh27Wq/01PREM01.png,https://i.ibb.co/hBk0sdT/01TMNA09.png,https://i.ibb.co/Jn7CmKS/01SL0007.png,01SL0007.png,01SL0007
[url=https://imgbb.com/][img]https://i.ibb.co/jM6sgcK/01SL0002.png[/img][/url],https://i.ibb.co/jM6sgcK/01SL0002.png,https://i.ibb.co/jM6sgcK/01SL0002.png,https://i.ibb.co/DDPTnXs/01BOMA06.png,https://i.ibb.co/WsFJHP1/01TMMA20.png,https://i.ibb.co/jM6sgcK/01SL0002.png,01SL0002.png,01SL0002
[url=https://imgbb.com/][img]https://i.ibb.co/jJPk9wM/01TR0011.png[/img][/url],https://i.ibb.co/jJPk9wM/01TR0011.png,https://i.ibb.co/jJPk9wM/01TR0011.png,https://i.ibb.co/3mYhcPN/01TMMA03.png,https://i.ibb.co/85J9bMY/02CO0006.png,https://i.ibb.co/jJPk9wM/01TR0011.png,01TR0011.png,01TR0011
[url=https://imgbb.com/][img]https://i.ibb.co/J53XCH7/02MTMA01.png[/img][/url],https://i.ibb.co/J53XCH7/02MTMA01.png,https://i.ibb.co/J53XCH7/02MTMA01.png,[url=https://ibb.co/HYmsJNj][img]https://i.ibb.co/pZC8mWS/01TR0012.png,https://i.ibb.co/5821BQB/02CO0005.png,https://i.ibb.co/J53XCH7/02MTMA01.png,02MTMA01.png,02MTMA01
[url=https://imgbb.com/][img]https://i.ibb.co/HXXfWQC/01CO0053.png[/img][/url],https://i.ibb.co/HXXfWQC/01CO0053.png,https://i.ibb.co/HXXfWQC/01CO0053.png,https://i.ibb.co/N6LbV33/01MDMA01.png,https://i.ibb.co/KXy8HRf/01BOMA22.png,https://i.ibb.co/HXXfWQC/01CO0053.png,01CO0053.png,01CO0053
[url=https://imgbb.com/][img]https://i.ibb.co/HT9B5Cb/03R0008.png[/img][/url],https://i.ibb.co/HT9B5Cb/03R0008.png,https://i.ibb.co/HT9B5Cb/03R0008.png,[url=https://ibb.co/fS413K7][img]https://i.ibb.co/0XhD0W3/01CO0048.png,https://i.ibb.co/pbbj1Rt/01TM0001.png,https://i.ibb.co/HT9B5Cb/03R0008.png,03R0008.png,03R0008
[url=https://imgbb.com/][img]https://i.ibb.co/hR3yXBg/01BO0019.png[/img][/url],https://i.ibb.co/hR3yXBg/01BO0019.png,https://i.ibb.co/hR3yXBg/01BO0019.png,https://i.ibb.co/xj6RMrP/03RO0004.png,.png,https://i.ibb.co/hR3yXBg/01BO0019.png,01BO0019.png,01BO0019
[url=https://imgbb.com/][img]https://i.ibb.co/HPbrP5T/01CH0001.png[/img][/url],https://i.ibb.co/HPbrP5T/01CH0001.png,https://i.ibb.co/HPbrP5T/01CH0001.png,https://i.ibb.co/s5ZSkgt/01CA0005.png,https://i.ibb.co/TYq029X/02COMA01.png,https://i.ibb.co/HPbrP5T/01CH0001.png,01CH0001.png,01CH0001
[url=https://imgbb.com/][img]https://i.ibb.co/HNLYMWc/01BO0008.png[/img][/url],https://i.ibb.co/HNLYMWc/01BO0008.png,https://i.ibb.co/HNLYMWc/01BO0008.png,https://i.ibb.co/xjKLLnP/01TMMA09.png,https://i.ibb.co/82pCYrm/01SL0002.png,https://i.ibb.co/HNLYMWc/01BO0008.png,01BO0008.png,01BO0008
[url=https://imgbb.com/][img]https://i.ibb.co/hC99RXh/03RO0011.png[/img][/url],https://i.ibb.co/hC99RXh/03RO0011.png,https://i.ibb.co/hC99RXh/03RO0011.png,[url=https://ibb.co/9r7gKDM][img]https://i.ibb.co/87HsvCh/01MG0001.png,https://i.ibb.co/kHXVh3N/01TMMA03.png,https://i.ibb.co/hC99RXh/03RO0011.png,03RO0011.png,03RO0011
[url=https://imgbb.com/][img]https://i.ibb.co/H4yg8fh/01SG0001.png[/img][/url],https://i.ibb.co/H4yg8fh/01SG0001.png,https://i.ibb.co/H4yg8fh/01SG0001.png,https://i.ibb.co/f2DHM87/01SL0004.png,https://i.ibb.co/DzSQK3w/01TM0006.png,https://i.ibb.co/H4yg8fh/01SG0001.png,01SG0001.png,01SG0001
[url=https://imgbb.com/][img]https://i.ibb.co/GVXDW31/01MG0002.png[/img][/url],https://i.ibb.co/GVXDW31/01MG0002.png,https://i.ibb.co/GVXDW31/01MG0002.png,https://i.ibb.co/JrbTY5Z/01TM0012.png,https://i.ibb.co/94RDWkS/03RO0007.png,https://i.ibb.co/GVXDW31/01MG0002.png,01MG0002.png,01MG0002
[url=https://imgbb.com/][img]https://i.ibb.co/Gtjc7DK/01CAMA03.png[/img][/url],https://i.ibb.co/Gtjc7DK/01CAMA03.png,https://i.ibb.co/Gtjc7DK/01CAMA03.png,https://i.ibb.co/sKh2YW2/01BU0003.png,https://i.ibb.co/WgQCJVp/01TR0020.png,https://i.ibb.co/Gtjc7DK/01CAMA03.png,01CAMA03.png,01CAMA03
[url=https://imgbb.com/][img]https://i.ibb.co/gRwTgBQ/01BO0004.png[/img][/url],https://i.ibb.co/gRwTgBQ/01BO0004.png,https://i.ibb.co/gRwTgBQ/01BO0004.png,https://i.ibb.co/XLCxQ1L/06CA0003.png,.png,https://i.ibb.co/gRwTgBQ/01BO0004.png,01BO0004.png,01BO0004
[url=https://imgbb.com/][img]https://i.ibb.co/Gp3bYpB/01TRMA20.png[/img][/url],https://i.ibb.co/Gp3bYpB/01TRMA20.png,https://i.ibb.co/Gp3bYpB/01TRMA20.png,[url=https://ibb.co/z6WHktm][img]https://i.ibb.co/wcZrv2d/01KT0003.png,https://i.ibb.co/M2PZq5M/01MG0006.png,https://i.ibb.co/Gp3bYpB/01TRMA20.png,01TRMA20.png,01TRMA20
[url=https://imgbb.com/][img]https://i.ibb.co/gJpW97X/01RE0004.png[/img][/url],https://i.ibb.co/gJpW97X/01RE0004.png,https://i.ibb.co/gJpW97X/01RE0004.png,https://i.ibb.co/fv7M3DK/01VAMA04.png,.png,https://i.ibb.co/gJpW97X/01RE0004.png,01RE0004.png,01RE0004
[url=https://imgbb.com/][img]https://i.ibb.co/g74WdVD/01MG0020.png[/img][/url],https://i.ibb.co/g74WdVD/01MG0020.png,https://i.ibb.co/g74WdVD/01MG0020.png,https://i.ibb.co/HT9B5Cb/03R0008.png,png,https://i.ibb.co/g74WdVD/01MG0020.png,01MG0020.png,01MG0020
[url=https://imgbb.com/][img]https://i.ibb.co/fx2XkbJ/01BA0001.png[/img][/url],https://i.ibb.co/fx2XkbJ/01BA0001.png,https://i.ibb.co/fx2XkbJ/01BA0001.png,https://i.ibb.co/YWQ64h4/01SW0022.png,https://i.ibb.co/ck8czK1/01CA0015.png,https://i.ibb.co/fx2XkbJ/01BA0001.png,01BA0001.png,01BA0001
[url=https://imgbb.com/][img]https://i.ibb.co/fv7M3DK/01VAMA04.png[/img][/url],https://i.ibb.co/fv7M3DK/01VAMA04.png,https://i.ibb.co/fv7M3DK/01VAMA04.png,[url=https://ibb.co/PgLvDdd][img]https://i.ibb.co/3c39Rnn/01CO0041.png,https://i.ibb.co/pvVr89p/01CAMA04.png,https://i.ibb.co/fv7M3DK/01VAMA04.png,01VAMA04.png,01VAMA04
[url=https://imgbb.com/][img]https://i.ibb.co/fqLX4cJ/01TU0006.png[/img][/url],https://i.ibb.co/fqLX4cJ/01TU0006.png,https://i.ibb.co/fqLX4cJ/01TU0006.png,[url=https://ibb.co/VgkpFfT][img]https://i.ibb.co/JvSFYDH/01BO0001.png,https://i.ibb.co/XW4sbJH/01TRMA20.png,https://i.ibb.co/fqLX4cJ/01TU0006.png,01TU0006.png,01TU0006
[url=https://imgbb.com/][img]https://i.ibb.co/fq6YQVm/01TR0014.png[/img][/url],https://i.ibb.co/fq6YQVm/01TR0014.png,https://i.ibb.co/fq6YQVm/01TR0014.png,https://i.ibb.co/2SnFtwq/02CO0006.png,.png,https://i.ibb.co/fq6YQVm/01TR0014.png,01TR0014.png,01TR0014
[url=https://imgbb.com/][img]https://i.ibb.co/FmW7jpD/01BU0007.png[/img][/url],https://i.ibb.co/FmW7jpD/01BU0007.png,https://i.ibb.co/FmW7jpD/01BU0007.png,https://i.ibb.co/VYtsVbG/01KT0001.png,https://i.ibb.co/MBpYhNK/01RE0006.png,https://i.ibb.co/FmW7jpD/01BU0007.png,01BU0007.png,01BU0007
[url=https://imgbb.com/][img]https://i.ibb.co/fMvZvvJ/01CO0003.png[/img][/url],https://i.ibb.co/fMvZvvJ/01CO0003.png,https://i.ibb.co/fMvZvvJ/01CO0003.png,https://i.ibb.co/rFS97tH/01EM0002.png,https://i.ibb.co/MsFrw7t/01PI0001.png,https://i.ibb.co/fMvZvvJ/01CO0003.png,01CO0003.png,01CO0003
[url=https://imgbb.com/][img]https://i.ibb.co/FHRfWSD/01VAEM11.png[/img][/url],https://i.ibb.co/FHRfWSD/01VAEM11.png,https://i.ibb.co/FHRfWSD/01VAEM11.png,[url=https://ibb.co/QPB252t][img]https://i.ibb.co/K2ZM1MS/01VA0002.png,https://i.ibb.co/K2ZM1MS/01VA0002.png,https://i.ibb.co/FHRfWSD/01VAEM11.png,01VAEM11.png,01VAEM11
[url=https://imgbb.com/][img]https://i.ibb.co/Fhdv0Fr/03R0007.png[/img][/url],https://i.ibb.co/Fhdv0Fr/03R0007.png,https://i.ibb.co/Fhdv0Fr/03R0007.png,[url=https://ibb.co/FwZ92gY][img]https://i.ibb.co/vPybpZd/01BOMA02.png,https://i.ibb.co/wsVLrQr/01VAMA01.png,https://i.ibb.co/Fhdv0Fr/03R0007.png,03R0007.png,03R0007
[url=https://imgbb.com/][img]https://i.ibb.co/fFNygsr/01CA0012.png[/img][/url],https://i.ibb.co/fFNygsr/01CA0012.png,https://i.ibb.co/fFNygsr/01CA0012.png,https://i.ibb.co/SxqJFtZ/01TR0008.png,https://i.ibb.co/6cK1sZ5/03RO0009.png,https://i.ibb.co/fFNygsr/01CA0012.png,01CA0012.png,01CA0012
[url=https://imgbb.com/][img]https://i.ibb.co/fC8Q851/01TRMA18.png[/img][/url],https://i.ibb.co/fC8Q851/01TRMA18.png,https://i.ibb.co/fC8Q851/01TRMA18.png,[url=https://ibb.co/ZTt9r7Y][img]https://i.ibb.co/9YzP0SV/01PO0002.png,https://i.ibb.co/hcL818M/01KT0006.png,https://i.ibb.co/fC8Q851/01TRMA18.png,01TRMA18.png,01TRMA18
[url=https://imgbb.com/][img]https://i.ibb.co/F6hMNQs/01TR0018.png[/img][/url],https://i.ibb.co/F6hMNQs/01TR0018.png,https://i.ibb.co/F6hMNQs/01TR0018.png,https://i.ibb.co/1rtfHh7/01BO0001.jpg,https://i.ibb.co/YBR4YgT/01AR0001.png,https://i.ibb.co/F6hMNQs/01TR0018.png,01TR0018.png,01TR0018
[url=https://imgbb.com/][img]https://i.ibb.co/f2DHM87/01SL0004.png[/img][/url],https://i.ibb.co/f2DHM87/01SL0004.png,https://i.ibb.co/f2DHM87/01SL0004.png,https://i.ibb.co/dBVpJn1/01BU0008.png,https://i.ibb.co/vXxc81g/01CO0001.png,https://i.ibb.co/f2DHM87/01SL0004.png,01SL0004.png,01SL0004
[url=https://imgbb.com/][img]https://i.ibb.co/dM99ssr/01MG0005.png[/img][/url],https://i.ibb.co/dM99ssr/01MG0005.png,https://i.ibb.co/dM99ssr/01MG0005.png,https://i.ibb.co/Jn7CmKS/01SL0007.png,https://i.ibb.co/DK7ZbD3/02COMA05.png,https://i.ibb.co/dM99ssr/01MG0005.png,01MG0005.png,01MG0005
[url=https://imgbb.com/][img]https://i.ibb.co/DDPTnXs/01BOMA06.png[/img][/url],https://i.ibb.co/DDPTnXs/01BOMA06.png,https://i.ibb.co/DDPTnXs/01BOMA06.png,https://i.ibb.co/x2N14WC/01TR0007.png,https://i.ibb.co/2NBC1y6/08TJ0001.png,https://i.ibb.co/DDPTnXs/01BOMA06.png,01BOMA06.png,01BOMA06
[url=https://imgbb.com/][img]https://i.ibb.co/DCKtKd5/01TM0009.png[/img][/url],https://i.ibb.co/DCKtKd5/01TM0009.png,https://i.ibb.co/DCKtKd5/01TM0009.png,https://i.ibb.co/8NSzBQL/01EM0001.png,https://i.ibb.co/Msr1NcL/01BA0003.png,https://i.ibb.co/DCKtKd5/01TM0009.png,01TM0009.png,01TM0009
[url=https://imgbb.com/][img]https://i.ibb.co/dBVpJn1/01BU0008.png[/img][/url],https://i.ibb.co/dBVpJn1/01BU0008.png,https://i.ibb.co/dBVpJn1/01BU0008.png,https://i.ibb.co/VxMRrcF/01BOMA22.png,https://i.ibb.co/WKRWK0W/01BU0006.png,https://i.ibb.co/dBVpJn1/01BU0008.png,01BU0008.png,01BU0008
[url=https://imgbb.com/][img]https://i.ibb.co/dB4mBVx/02TU0001.png[/img][/url],https://i.ibb.co/dB4mBVx/02TU0001.png,https://i.ibb.co/dB4mBVx/02TU0001.png,[url=https://ibb.co/gVjwGRC][img]https://i.ibb.co/PQm4R68/01RO0002.png,https://i.ibb.co/FqdhXhK/01CO0053.png,https://i.ibb.co/dB4mBVx/02TU0001.png,02TU0001.png,02TU0001
[url=https://imgbb.com/][img]https://i.ibb.co/CJWq1t9/01KT0002.png[/img][/url],https://i.ibb.co/CJWq1t9/01KT0002.png,https://i.ibb.co/CJWq1t9/01KT0002.png,https://i.ibb.co/L1qNHMH/01TM0001.png,https://i.ibb.co/b6MgTD2/01CO0003.png,https://i.ibb.co/CJWq1t9/01KT0002.png,01KT0002.png,01KT0002
[url=https://imgbb.com/][img]https://i.ibb.co/CJh27Wq/01PREM01.png[/img][/url],https://i.ibb.co/CJh27Wq/01PREM01.png,https://i.ibb.co/CJh27Wq/01PREM01.png,https://i.ibb.co/gRwTgBQ/01BO0004.png,https://i.ibb.co/xFyqqY9/01PE0002.png,https://i.ibb.co/CJh27Wq/01PREM01.png,01PREM01.png,01PREM01
[url=https://imgbb.com/][img]https://i.ibb.co/ch8XJvc/01BA0003.png[/img][/url],https://i.ibb.co/ch8XJvc/01BA0003.png,https://i.ibb.co/ch8XJvc/01BA0003.png,https://i.ibb.co/yRZZ5tS/01RE0001.png,https://i.ibb.co/gPkp1cR/01TM0008.png,https://i.ibb.co/ch8XJvc/01BA0003.png,01BA0003.png,01BA0003
[url=https://imgbb.com/][img]https://i.ibb.co/cFHjtMj/01CAMA02.png[/img][/url],https://i.ibb.co/cFHjtMj/01CAMA02.png,https://i.ibb.co/cFHjtMj/01CAMA02.png,https://i.ibb.co/sPkQB88/01CA0009.png,https://i.ibb.co/tQ6W9Qq/01TM0012.png,https://i.ibb.co/cFHjtMj/01CAMA02.png,01CAMA02.png,01CAMA02
[url=https://imgbb.com/][img]https://i.ibb.co/bvVZNyc/01TMMA15.png[/img][/url],https://i.ibb.co/bvVZNyc/01TMMA15.png,https://i.ibb.co/bvVZNyc/01TMMA15.png,https://i.ibb.co/6sYcYHR/01SWEM07.png,https://i.ibb.co/brtY3TZ/01BA0001.png,https://i.ibb.co/bvVZNyc/01TMMA15.png,01TMMA15.png,01TMMA15
[url=https://imgbb.com/][img]https://i.ibb.co/BspXQH0/01VAEM10.png[/img][/url],https://i.ibb.co/BspXQH0/01VAEM10.png,https://i.ibb.co/BspXQH0/01VAEM10.png,[url=https://ibb.co/r6k0GNc][img]https://i.ibb.co/Fw63bC0/01KT000.png,https://i.ibb.co/mDgKRwv/01BY0007.png,https://i.ibb.co/BspXQH0/01VAEM10.png,01VAEM10.png,01VAEM10
[url=https://imgbb.com/][img]https://i.ibb.co/BNFrw7x/08PT0003.png[/img][/url],https://i.ibb.co/BNFrw7x/08PT0003.png,https://i.ibb.co/BNFrw7x/08PT0003.png,[url=https://ibb.co/1nQbW9B][img]https://i.ibb.co/pPwnF3N/01BOMA01.png,https://i.ibb.co/Wydr21N/01TU0003.png,https://i.ibb.co/BNFrw7x/08PT0003.png,08PT0003.png,08PT0003
[url=https://imgbb.com/][img]https://i.ibb.co/bmTGkwT/01TU0003.png[/img][/url],https://i.ibb.co/bmTGkwT/01TU0003.png,https://i.ibb.co/bmTGkwT/01TU0003.png,[url=https://ibb.co/wBz9Lhd][img]https://i.ibb.co/sbV0P9g/01CO0020.png,https://i.ibb.co/rpqL6NZ/01RE0005.png,https://i.ibb.co/bmTGkwT/01TU0003.png,01TU0003.png,01TU0003
[url=https://imgbb.com/][img]https://i.ibb.co/bLbVw0x/01EMMA01.png[/img][/url],https://i.ibb.co/bLbVw0x/01EMMA01.png,https://i.ibb.co/bLbVw0x/01EMMA01.png,https://i.ibb.co/m6QCg0N/01SL0009.png,https://i.ibb.co/DGC1ySx/01BY0004.png,https://i.ibb.co/bLbVw0x/01EMMA01.png,01EMMA01.png,01EMMA01
[url=https://imgbb.com/][img]https://i.ibb.co/BjV3mj7/01MD0002.png[/img][/url],https://i.ibb.co/BjV3mj7/01MD0002.png,https://i.ibb.co/BjV3mj7/01MD0002.png,https://i.ibb.co/K21kXBZ/02COMA01.png,.png,https://i.ibb.co/BjV3mj7/01MD0002.png,01MD0002.png,01MD0002
[url=https://imgbb.com/][img]https://i.ibb.co/b30rJk5/01TM0008.png[/img][/url],https://i.ibb.co/b30rJk5/01TM0008.png,https://i.ibb.co/b30rJk5/01TM0008.png,https://i.ibb.co/8PNLJty/01RE0009.png,https://i.ibb.co/fSNBVSq/01BO0004.png,https://i.ibb.co/b30rJk5/01TM0008.png,01TM0008.png,01TM0008
[url=https://imgbb.com/][img]https://i.ibb.co/B2KP1wj/01SW0001.png[/img][/url],https://i.ibb.co/B2KP1wj/01SW0001.png,https://i.ibb.co/B2KP1wj/01SW0001.png,https://i.ibb.co/BNFrw7x/08PT0003.png,.png,https://i.ibb.co/B2KP1wj/01SW0001.png,01SW0001.png,01SW0001
[url=https://imgbb.com/][img]https://i.ibb.co/9ZDDJ2B/01KT0008.png[/img][/url],https://i.ibb.co/9ZDDJ2B/01KT0008.png,https://i.ibb.co/9ZDDJ2B/01KT0008.png,https://i.ibb.co/kcLFpSR/01PO0003.png,https://i.ibb.co/HBM2H72/01BU0008.png,https://i.ibb.co/9ZDDJ2B/01KT0008.png,01KT0008.png,01KT0008
[url=https://imgbb.com/][img]https://i.ibb.co/9V6gZJq/01CA0015.png[/img][/url],https://i.ibb.co/9V6gZJq/01CA0015.png,https://i.ibb.co/9V6gZJq/01CA0015.png,https://i.ibb.co/styYWb6/01CO0001.png,https://i.ibb.co/smL2LGr/01RE0002.png,https://i.ibb.co/9V6gZJq/01CA0015.png,01CA0015.png,01CA0015
[url=https://imgbb.com/][img]https://i.ibb.co/9sfK3hc/03RO0007.png[/img][/url],https://i.ibb.co/9sfK3hc/03RO0007.png,https://i.ibb.co/9sfK3hc/03RO0007.png,[url=https://ibb.co/cX7WjQy][img]https://i.ibb.co/BKSh9Bf/01ES0001.png,https://i.ibb.co/mHkpCTy/01TR0018.png,https://i.ibb.co/9sfK3hc/03RO0007.png,03RO0007.png,03RO0007
[url=https://imgbb.com/][img]https://i.ibb.co/9hnH7n6/01SW0004.png[/img][/url],https://i.ibb.co/9hnH7n6/01SW0004.png,https://i.ibb.co/9hnH7n6/01SW0004.png,https://i.ibb.co/BjV3mj7/01MD0002.png,https://i.ibb.co/LRdLd9N/01BOEM02.png,https://i.ibb.co/9hnH7n6/01SW0004.png,01SW0004.png,01SW0004
[url=https://imgbb.com/][img]https://i.ibb.co/9hNGhty/01RE0002.png[/img][/url],https://i.ibb.co/9hNGhty/01RE0002.png,https://i.ibb.co/9hNGhty/01RE0002.png,https://i.ibb.co/g74WdVD/01MG0020.png,https://i.ibb.co/JF3mGS4/01SW0002.png,https://i.ibb.co/9hNGhty/01RE0002.png,01RE0002.png,01RE0002
[url=https://imgbb.com/][img]https://i.ibb.co/9919fmr/01PE0002.png[/img][/url],https://i.ibb.co/9919fmr/01PE0002.png,https://i.ibb.co/9919fmr/01PE0002.png,https://i.ibb.co/HPbrP5T/01CH0001.png,https://i.ibb.co/SPRwCWL/01KT0002.png,https://i.ibb.co/9919fmr/01PE0002.png,01PE0002.png,01PE0002
[url=https://imgbb.com/][img]https://i.ibb.co/8zX7Rk1/01AAMA01.png[/img][/url],https://i.ibb.co/8zX7Rk1/01AAMA01.png,https://i.ibb.co/8zX7Rk1/01AAMA01.png,https://i.ibb.co/Zxpx0xS/01KT0006.png,https://i.ibb.co/LznXpM6/01CO0002.png,https://i.ibb.co/8zX7Rk1/01AAMA01.png,01AAMA01.png,01AAMA01
[url=https://imgbb.com/][img]https://i.ibb.co/8zjbLz3/01BU0004.png[/img][/url],https://i.ibb.co/8zjbLz3/01BU0004.png,https://i.ibb.co/8zjbLz3/01BU0004.png,https://i.ibb.co/wcgndYn/01BOEM08.png,https://i.ibb.co/WzDQh4T/02COMA02.png,https://i.ibb.co/8zjbLz3/01BU0004.png,01BU0004.png,01BU0004
[url=https://imgbb.com/][img]https://i.ibb.co/8YCn8VR/02CO0008.png[/img][/url],https://i.ibb.co/8YCn8VR/02CO0008.png,https://i.ibb.co/8YCn8VR/02CO0008.png,[url=https://ibb.co/jykr0Nn][img]https://i.ibb.co/rx2w8jD/01CR0001.png,https://i.ibb.co/NC0dBLV/01TR0024.png,https://i.ibb.co/8YCn8VR/02CO0008.png,02CO0008.png,02CO0008
[url=https://imgbb.com/][img]https://i.ibb.co/8r88b9Y/01AR0002.png[/img][/url],https://i.ibb.co/8r88b9Y/01AR0002.png,https://i.ibb.co/8r88b9Y/01AR0002.png,https://i.ibb.co/ZBMW0xG/01CO0049.jpg,https://i.ibb.co/p2NmfXc/01SW0018.png,https://i.ibb.co/8r88b9Y/01AR0002.png,01AR0002.png,01AR0002
[url=https://imgbb.com/][img]https://i.ibb.co/8PNLJty/01RE0009.png[/img][/url],https://i.ibb.co/8PNLJty/01RE0009.png,https://i.ibb.co/8PNLJty/01RE0009.png,https://i.ibb.co/FHRfWSD/01VAEM11.png,.png,https://i.ibb.co/8PNLJty/01RE0009.png,01RE0009.png,01RE0009
[url=https://imgbb.com/][img]https://i.ibb.co/8NSzBQL/01EM0001.png[/img][/url],https://i.ibb.co/8NSzBQL/01EM0001.png,https://i.ibb.co/8NSzBQL/01EM0001.png,https://i.ibb.co/mFR8DDm/03RO0008.png,.png,https://i.ibb.co/8NSzBQL/01EM0001.png,01EM0001.png,01EM0001
[url=https://imgbb.com/][img]https://i.ibb.co/8mVjx4M/01PI0001.png[/img][/url],https://i.ibb.co/8mVjx4M/01PI0001.png,https://i.ibb.co/8mVjx4M/01PI0001.png,https://i.ibb.co/HNLYMWc/01BO0008.png,https://i.ibb.co/XD8Ly9P/06CA0003.png,https://i.ibb.co/8mVjx4M/01PI0001.png,01PI0001.png,01PI0001
[url=https://imgbb.com/][img]https://i.ibb.co/8mtc0tv/01KT0005.png[/img][/url],https://i.ibb.co/8mtc0tv/01KT0005.png,https://i.ibb.co/8mtc0tv/01KT0005.png,https://i.ibb.co/KLR7wL3/01BY0004.png,https://i.ibb.co/VWFD42M/01EM0001.png,https://i.ibb.co/8mtc0tv/01KT0005.png,01KT0005.png,01KT0005
[url=https://imgbb.com/][img]https://i.ibb.co/8KYKnCc/03R0009.png[/img][/url],https://i.ibb.co/8KYKnCc/03R0009.png,https://i.ibb.co/8KYKnCc/03R0009.png,[url=https://ibb.co/F4jYRsk][img]https://i.ibb.co/zV02q8W/01SL0001.png,https://i.ibb.co/F6wn1Xx/01TRMA18.png,https://i.ibb.co/8KYKnCc/03R0009.png,03R0009.png,03R0009
[url=https://imgbb.com/][img]https://i.ibb.co/8bmbz43/02MTMA06.png[/img][/url],https://i.ibb.co/8bmbz43/02MTMA06.png,https://i.ibb.co/8bmbz43/02MTMA06.png,[url=https://ibb.co/H2dMZFd][img]https://i.ibb.co/W3tdCxt/01TU0001.png,https://i.ibb.co/1vCGKXW/01TR0007.png,https://i.ibb.co/8bmbz43/02MTMA06.png,02MTMA06.png,02MTMA06
[url=https://imgbb.com/][img]https://i.ibb.co/7yNZK3b/03ROMA04.png[/img][/url],https://i.ibb.co/7yNZK3b/03ROMA04.png,https://i.ibb.co/7yNZK3b/03ROMA04.png,[url=https://ibb.co/7yMbn1b][img]https://i.ibb.co/RHr73D7/01CO0028.png,https://i.ibb.co/rbXSTH6/04CU0002.png,https://i.ibb.co/7yNZK3b/03ROMA04.png,03ROMA04.png,03ROMA04
[url=https://imgbb.com/][img]https://i.ibb.co/7SD2pWh/01TR0021.png[/img][/url],https://i.ibb.co/7SD2pWh/01TR0021.png,https://i.ibb.co/7SD2pWh/01TR0021.png,https://i.ibb.co/1GBXXkS/01BO0003.png,https://i.ibb.co/XpYQC04/01RE0003.png,https://i.ibb.co/7SD2pWh/01TR0021.png,01TR0021.png,01TR0021
[url=https://imgbb.com/][img]https://i.ibb.co/7NNy2fj/01BU0006.png[/img][/url],https://i.ibb.co/7NNy2fj/01BU0006.png,https://i.ibb.co/7NNy2fj/01BU0006.png,https://i.ibb.co/w6zh1PW/01CPMA01.png,https://i.ibb.co/NL5NqGh/01BO0002.png,https://i.ibb.co/7NNy2fj/01BU0006.png,01BU0006.png,01BU0006
[url=https://imgbb.com/][img]https://i.ibb.co/7JhmN6G/01BY0001.png[/img][/url],https://i.ibb.co/7JhmN6G/01BY0001.png,https://i.ibb.co/7JhmN6G/01BY0001.png,https://i.ibb.co/vs7Khzb/04JU0001.png,.png,https://i.ibb.co/7JhmN6G/01BY0001.png,01BY0001.png,01BY0001
[url=https://imgbb.com/][img]https://i.ibb.co/6wtWT3N/01MD0003.png[/img][/url],https://i.ibb.co/6wtWT3N/01MD0003.png,https://i.ibb.co/6wtWT3N/01MD0003.png,https://i.ibb.co/K0n7rbd/01RE0010.png,https://i.ibb.co/frcR86W/01SG0001.png,https://i.ibb.co/6wtWT3N/01MD0003.png,01MD0003.png,01MD0003
[url=https://imgbb.com/][img]https://i.ibb.co/6WPbhdh/04JU0002.png[/img][/url],https://i.ibb.co/6WPbhdh/04JU0002.png,https://i.ibb.co/6WPbhdh/04JU0002.png,[url=https://ibb.co/6FC9tfX][img]https://i.ibb.co/ZxD4gk2/01KT0004.png,https://i.ibb.co/LzWH1Rm/01VAEM11.png,https://i.ibb.co/6WPbhdh/04JU0002.png,04JU0002.png,04JU0002
[url=https://imgbb.com/][img]https://i.ibb.co/6sYcYHR/01SWEM07.png[/img][/url],https://i.ibb.co/6sYcYHR/01SWEM07.png,https://i.ibb.co/6sYcYHR/01SWEM07.png,https://i.ibb.co/9hNGhty/01RE0002.png,https://i.ibb.co/gP4MPsz/01CO0033.png,https://i.ibb.co/6sYcYHR/01SWEM07.png,01SWEM07.png,01SWEM07
[url=https://imgbb.com/][img]https://i.ibb.co/6Jwdzn9/01SL0010.png[/img][/url],https://i.ibb.co/6Jwdzn9/01SL0010.png,https://i.ibb.co/6Jwdzn9/01SL0010.png,https://i.ibb.co/bvVZNyc/01TMMA15.png,https://i.ibb.co/7rry0yR/01WH0020.png,https://i.ibb.co/6Jwdzn9/01SL0010.png,01SL0010.png,01SL0010
[url=https://imgbb.com/][img]https://i.ibb.co/5rfPxzV/01CAMA00.png[/img][/url],https://i.ibb.co/5rfPxzV/01CAMA00.png,https://i.ibb.co/5rfPxzV/01CAMA00.png,https://i.ibb.co/SrZtnPC/01TU0002.png,https://i.ibb.co/1LnXw9k/02CO0004.png,https://i.ibb.co/5rfPxzV/01CAMA00.png,01CAMA00.png,01CAMA00
[url=https://imgbb.com/][img]https://i.ibb.co/5MxKVgd/01RE0008.png[/img][/url],https://i.ibb.co/5MxKVgd/01RE0008.png,https://i.ibb.co/5MxKVgd/01RE0008.png,https://i.ibb.co/fMvZvvJ/01CO0003.png,https://i.ibb.co/sJjGDYs/01BA0002.png,https://i.ibb.co/5MxKVgd/01RE0008.png,01RE0008.png,01RE0008
[url=https://imgbb.com/][img]https://i.ibb.co/582NBfW/04JU0003.png[/img][/url],https://i.ibb.co/582NBfW/04JU0003.png,https://i.ibb.co/582NBfW/04JU0003.png,[url=https://ibb.co/6DFL9dv][img]https://i.ibb.co/r5HN8Wb/08TJ0001.png,https://i.ibb.co/r5HN8Wb/08TJ0001.png,https://i.ibb.co/582NBfW/04JU0003.png,04JU0003.png,04JU0003
[url=https://imgbb.com/][img]https://i.ibb.co/4Pxcbvx/01TR0020.png[/img][/url],https://i.ibb.co/4Pxcbvx/01TR0020.png,https://i.ibb.co/4Pxcbvx/01TR0020.png,https://i.ibb.co/1LSG86Z/01CAMA04.png,https://i.ibb.co/SRGVWMs/01PE0001.png,https://i.ibb.co/4Pxcbvx/01TR0020.png,01TR0020.png,01TR0020
[url=https://imgbb.com/][img]https://i.ibb.co/4MWqJVX/01TM0020.png[/img][/url],https://i.ibb.co/4MWqJVX/01TM0020.png,https://i.ibb.co/4MWqJVX/01TM0020.png,https://i.ibb.co/8bmbz43/02MTMA06.png,.png,https://i.ibb.co/4MWqJVX/01TM0020.png,01TM0020.png,01TM0020
[url=https://imgbb.com/][img]https://i.ibb.co/41GRcTx/01VAMA03.png[/img][/url],https://i.ibb.co/41GRcTx/01VAMA03.png,https://i.ibb.co/41GRcTx/01VAMA03.png,[url=https://ibb.co/pPV4mTS][img]https://i.ibb.co/8BvPhwH/01SL0005.png,https://i.ibb.co/dt3PZp1/03R0009.png,https://i.ibb.co/41GRcTx/01VAMA03.png,01VAMA03.png,01VAMA03
[url=https://imgbb.com/][img]https://i.ibb.co/3vJ1M3h/01CO0034.png[/img][/url],https://i.ibb.co/3vJ1M3h/01CO0034.png,https://i.ibb.co/3vJ1M3h/01CO0034.png,https://i.ibb.co/Q8mbn5G/08PT0002.png,.png,https://i.ibb.co/3vJ1M3h/01CO0034.png,01CO0034.png,01CO0034
[url=https://imgbb.com/][img]https://i.ibb.co/3mYhcPN/01TMMA03.png[/img][/url],https://i.ibb.co/3mYhcPN/01TMMA03.png,https://i.ibb.co/3mYhcPN/01TMMA03.png,https://i.ibb.co/7SD2pWh/01TR0021.png,https://i.ibb.co/44C6HH5/01SWEM05.png,https://i.ibb.co/3mYhcPN/01TMMA03.png,01TMMA03.png,01TMMA03
[url=https://imgbb.com/][img]https://i.ibb.co/3d0fnBX/01TMMA10.png[/img][/url],https://i.ibb.co/3d0fnBX/01TMMA10.png,https://i.ibb.co/3d0fnBX/01TMMA10.png,https://i.ibb.co/6wtWT3N/01MD0003.png,https://i.ibb.co/L5c74nf/03R0008.png,https://i.ibb.co/3d0fnBX/01TMMA10.png,01TMMA10.png,01TMMA10
[url=https://imgbb.com/][img]https://i.ibb.co/2SnFtwq/02CO0006.png[/img][/url],https://i.ibb.co/2SnFtwq/02CO0006.png,https://i.ibb.co/2SnFtwq/02CO0006.png,[url=https://ibb.co/kGVbwZ2][img]https://i.ibb.co/ZfR4F9z/01CO0044.png,https://i.ibb.co/PhP8Xzw/01SW0022.png,https://i.ibb.co/2SnFtwq/02CO0006.png,02CO0006.png,02CO0006
[url=https://imgbb.com/][img]https://i.ibb.co/2kyDX8y/01MDMA02.png[/img][/url],https://i.ibb.co/2kyDX8y/01MDMA02.png,https://i.ibb.co/2kyDX8y/01MDMA02.png,https://i.ibb.co/jWynz0B/01MG0015.png,https://i.ibb.co/JHJ6LHh/01SL0004.png,https://i.ibb.co/2kyDX8y/01MDMA02.png,01MDMA02.png,01MDMA02
[url=https://imgbb.com/][img]https://i.ibb.co/2dPK4Mt/01ZA0001.png[/img][/url],https://i.ibb.co/2dPK4Mt/01ZA0001.png,https://i.ibb.co/2dPK4Mt/01ZA0001.png,[url=https://ibb.co/NpgGYzp][img]https://i.ibb.co/TRDNh5R/02MT0001.png,https://i.ibb.co/TRDNh5R/02MT0001.png,https://i.ibb.co/2dPK4Mt/01ZA0001.png,01ZA0001.png,01ZA0001
[url=https://imgbb.com/][img]https://i.ibb.co/1rtfHh7/01BO0001.jpg[/img][/url],https://i.ibb.co/1rtfHh7/01BO0001.jpg,https://i.ibb.co/1rtfHh7/01BO0001.jpg,https://i.ibb.co/yQ06Jg4/01BU0005.png,https://i.ibb.co/WBZ50yZ/04JU0001.png,https://i.ibb.co/1rtfHh7/01BO0001.jpg,01BO0001.jpg,01BO0001
[url=https://imgbb.com/][img]https://i.ibb.co/1QmVbQj/01SE0003.png[/img][/url],https://i.ibb.co/1QmVbQj/01SE0003.png,https://i.ibb.co/1QmVbQj/01SE0003.png,https://i.ibb.co/F6hMNQs/01TR0018.png,https://i.ibb.co/4ms7yph/01MG0005.png,https://i.ibb.co/1QmVbQj/01SE0003.png,01SE0003.png,01SE0003
[url=https://imgbb.com/][img]https://i.ibb.co/1LSG86Z/01CAMA04.png[/img][/url],https://i.ibb.co/1LSG86Z/01CAMA04.png,https://i.ibb.co/1LSG86Z/01CAMA04.png,https://i.ibb.co/SJcf972/04CU0001.png,.png,https://i.ibb.co/1LSG86Z/01CAMA04.png,01CAMA04.png,01CAMA04
[url=https://imgbb.com/][img]https://i.ibb.co/1GBXXkS/01BO0003.png[/img][/url],https://i.ibb.co/1GBXXkS/01BO0003.png,https://i.ibb.co/1GBXXkS/01BO0003.png,https://i.ibb.co/XLCxQ1L/06CA0003.png,.png,https://i.ibb.co/1GBXXkS/01BO0003.png,01BO0003.png,01BO0003
[url=https://imgbb.com/][img]https://i.ibb.co/1bPkTFC/01RE0006.png[/img][/url],https://i.ibb.co/1bPkTFC/01RE0006.png,https://i.ibb.co/1bPkTFC/01RE0006.png,https://i.ibb.co/fq6YQVm/01TR0014.png,https://i.ibb.co/4Zkr6SZ/01CH0001.png,https://i.ibb.co/1bPkTFC/01RE0006.png,01RE0006.png,01RE0006
[url=https://imgbb.com/][img]https://i.ibb.co/0yGYsCx/01AR0003.png[/img][/url],https://i.ibb.co/0yGYsCx/01AR0003.png,https://i.ibb.co/0yGYsCx/01AR0003.png,https://i.ibb.co/z22WSS7/01BOEM02.png,https://i.ibb.co/Wzsg9JK/01TR0004.png,https://i.ibb.co/0yGYsCx/01AR0003.png,01AR0003.png,01AR0003
[url=https://imgbb.com/][img]https://i.ibb.co/0McSWwS/01RE0007.png[/img][/url],https://i.ibb.co/0McSWwS/01RE0007.png,https://i.ibb.co/0McSWwS/01RE0007.png,https://i.ibb.co/FmW7jpD/01BU0007.png,https://i.ibb.co/Vxy2Gw5/01PO0003.png,https://i.ibb.co/0McSWwS/01RE0007.png,01RE0007.png,01RE0007
[url=https://imgbb.com/][img]https://i.ibb.co/0h9DyTZ/01VA0003.png[/img][/url],https://i.ibb.co/0h9DyTZ/01VA0003.png,https://i.ibb.co/0h9DyTZ/01VA0003.png,[url=https://ibb.co/rx8TrKN][img]https://i.ibb.co/GWYBSfN/01SW0010.png,https://i.ibb.co/Cv6kvD7/01EEMA01.png,https://i.ibb.co/0h9DyTZ/01VA0003.png,01VA0003.png,01VA0003
[url=https://imgbb.com/][img]https://i.ibb.co/0D7kP1d/01CO0033.png[/img][/url],https://i.ibb.co/0D7kP1d/01CO0033.png,https://i.ibb.co/0D7kP1d/01CO0033.png,https://i.ibb.co/Q9NJ50Y/01TM0015.png,https://i.ibb.co/94mYYnN/04CU0001.png,https://i.ibb.co/0D7kP1d/01CO0033.png,01CO0033.png,01CO0033
[url=https://ibb.co/ZTt9r7Y][img]https://i.ibb.co/9YzP0SV/01PO0002.png[/img][/url],[url=https://ibb.co/ZTt9r7Y][img]https://i.ibb.co/9YzP0SV/01PO0002.png,https://i.ibb.co/9YzP0SV/01PO0002.png,https://i.ibb.co/GVXDW31/01MG0002.png,https://i.ibb.co/k1xffMH/01TR0008.png,https://i.ibb.co/9YzP0SV/01PO0002.png,01PO0002.png,01PO0002
[url=https://ibb.co/z6WHktm][img]https://i.ibb.co/wcZrv2d/01KT0003.png[/img][/url],[url=https://ibb.co/z6WHktm][img]https://i.ibb.co/wcZrv2d/01KT0003.png,https://i.ibb.co/wcZrv2d/01KT0003.png,https://i.ibb.co/KznMNdG/01AC0001.png,https://i.ibb.co/ZmnKYzy/01RE0008.png,https://i.ibb.co/wcZrv2d/01KT0003.png,01KT0003.png,01KT0003
[url=https://ibb.co/ykSqFZ1][img]https://i.ibb.co/qg5pYcf/01AC0003.png[/img][/url],[url=https://ibb.co/ykSqFZ1][img]https://i.ibb.co/qg5pYcf/01AC0003.png,https://i.ibb.co/qg5pYcf/01AC0003.png,https://i.ibb.co/zRkfp5n/01ACMA04.png,https://i.ibb.co/yRSmS0K/01MG0008.png,https://i.ibb.co/qg5pYcf/01AC0003.png,01AC0003.png,01AC0003
[url=https://ibb.co/YhP3m5N][img]https://i.ibb.co/rHFmYBQ/01CO0037.png[/img][/url],[url=https://ibb.co/YhP3m5N][img]https://i.ibb.co/rHFmYBQ/01CO0037.png,https://i.ibb.co/rHFmYBQ/01CO0037.png,https://i.ibb.co/PWFNCmT/01TRMA22.png,https://i.ibb.co/1vCGKXW/01TR0007.png,https://i.ibb.co/rHFmYBQ/01CO0037.png,01CO0037.png,01CO0037
[url=https://ibb.co/X8hs2gs][img]https://i.ibb.co/nCHcgvc/01CO0018.png[/img][/url],[url=https://ibb.co/X8hs2gs][img]https://i.ibb.co/nCHcgvc/01CO0018.png,https://i.ibb.co/nCHcgvc/01CO0018.png,https://i.ibb.co/qsqLcZk/01TMNA09.png,https://i.ibb.co/72L0grt/01SWEM07.png,https://i.ibb.co/nCHcgvc/01CO0018.png,01CO0018.png,01CO0018
[url=https://ibb.co/wBz9Lhd][img]https://i.ibb.co/sbV0P9g/01CO0020.png[/img][/url],[url=https://ibb.co/wBz9Lhd][img]https://i.ibb.co/sbV0P9g/01CO0020.png,https://i.ibb.co/sbV0P9g/01CO0020.png,https://i.ibb.co/qRmyB9y/08PT0004.png,.png,https://i.ibb.co/sbV0P9g/01CO0020.png,01CO0020.png,01CO0020
[url=https://ibb.co/Vxr2Tnz][img]https://i.ibb.co/XDNSt0K/03RO0003.png[/img][/url],[url=https://ibb.co/Vxr2Tnz][img]https://i.ibb.co/XDNSt0K/03RO0003.png,https://i.ibb.co/XDNSt0K/03RO0003.png,[url=https://ibb.co/dkbYCrD][img]https://i.ibb.co/F8sTZKz/01TR0006.png,https://i.ibb.co/6PPYnFf/01VA0003.png,https://i.ibb.co/XDNSt0K/03RO0003.png,03RO0003.png,03RO0003
[url=https://ibb.co/VTSDKpZ][img]https://i.ibb.co/QMNn5jR/01CO0046.png[/img][/url],[url=https://ibb.co/VTSDKpZ][img]https://i.ibb.co/QMNn5jR/01CO0046.png,https://i.ibb.co/QMNn5jR/01CO0046.png,https://i.ibb.co/nP3X1c2/01TMMA06.png,https://i.ibb.co/84Zjzw8/01BU0005.png,https://i.ibb.co/QMNn5jR/01CO0046.png,01CO0046.png,01CO0046
[url=https://ibb.co/VgkpFfT][img]https://i.ibb.co/JvSFYDH/01BO0001.png[/img][/url],[url=https://ibb.co/VgkpFfT][img]https://i.ibb.co/JvSFYDH/01BO0001.png,https://i.ibb.co/JvSFYDH/01BO0001.png,https://i.ibb.co/yhf8tnS/08PT0001.png,.png,https://i.ibb.co/JvSFYDH/01BO0001.png,01BO0001.png,01BO0001
[url=https://ibb.co/txPJFBc][img]https://i.ibb.co/P9z60x4/01AM0001.png[/img][/url],[url=https://ibb.co/txPJFBc][img]https://i.ibb.co/P9z60x4/01AM0001.png,https://i.ibb.co/P9z60x4/01AM0001.png,https://i.ibb.co/ZM9TKhL/01RE0003.png,https://i.ibb.co/GnvcTzR/01AC0004.png,https://i.ibb.co/P9z60x4/01AM0001.png,01AM0001.png,01AM0001
[url=https://ibb.co/t8D0vSt][img]https://i.ibb.co/KFWtfYk/01SW0020.png[/img][/url],[url=https://ibb.co/t8D0vSt][img]https://i.ibb.co/KFWtfYk/01SW0020.png,https://i.ibb.co/KFWtfYk/01SW0020.png,https://i.ibb.co/9ZDDJ2B/01KT0008.png,https://i.ibb.co/LzNLcCs/03RO0005.png,https://i.ibb.co/KFWtfYk/01SW0020.png,01SW0020.png,01SW0020
[url=https://ibb.co/sJ0Fs4w][img]https://i.ibb.co/k6RhqT8/02MT0002.png[/img][/url],[url=https://ibb.co/sJ0Fs4w][img]https://i.ibb.co/k6RhqT8/02MT0002.png,https://i.ibb.co/k6RhqT8/02MT0002.png,[url=https://ibb.co/J3LMzZX][img]https://i.ibb.co/BnDSgk8/01CA0016.png,https://i.ibb.co/TBgNRr0/08PT0002.png,https://i.ibb.co/k6RhqT8/02MT0002.png,02MT0002.png,02MT0002
[url=https://ibb.co/s5kNzpX][img]https://i.ibb.co/DGsvTPj/01TU0008.png[/img][/url],[url=https://ibb.co/s5kNzpX][img]https://i.ibb.co/DGsvTPj/01TU0008.png,https://i.ibb.co/DGsvTPj/01TU0008.png,[url=https://ibb.co/t8D0vSt][img]https://i.ibb.co/KFWtfYk/01SW0020.png,https://i.ibb.co/CsmMKkV/01BU0004.png,https://i.ibb.co/DGsvTPj/01TU0008.png,01TU0008.png,01TU0008
[url=https://ibb.co/rx8TrKN][img]https://i.ibb.co/GWYBSfN/01SW0010.png[/img][/url],[url=https://ibb.co/rx8TrKN][img]https://i.ibb.co/GWYBSfN/01SW0010.png,https://i.ibb.co/GWYBSfN/01SW0010.png,https://i.ibb.co/b30rJk5/01TM0008.png,https://i.ibb.co/9WgyPSZ/01RE0004.png,https://i.ibb.co/GWYBSfN/01SW0010.png,01SW0010.png,01SW0010
[url=https://ibb.co/r6k0GNc][img]https://i.ibb.co/Fw63bC0/01KT000.png[/img][/url],[url=https://ibb.co/r6k0GNc][img]https://i.ibb.co/Fw63bC0/01KT000.png,https://i.ibb.co/Fw63bC0/01KT000.png,https://i.ibb.co/LnnL4Rj/01TR0015.png,https://i.ibb.co/4W06CyL/01BO0019.png,https://i.ibb.co/Fw63bC0/01KT000.png,01KT000.png,01KT000
[url=https://ibb.co/QPB252t][img]https://i.ibb.co/K2ZM1MS/01VA0002.png[/img][/url],[url=https://ibb.co/QPB252t][img]https://i.ibb.co/K2ZM1MS/01VA0002.png,https://i.ibb.co/K2ZM1MS/01VA0002.png,[url=https://ibb.co/s5kNzpX][img]https://i.ibb.co/DGsvTPj/01TU0008.png,https://i.ibb.co/DGsvTPj/01TU0008.png,https://i.ibb.co/K2ZM1MS/01VA0002.png,01VA0002.png,01VA0002
[url=https://ibb.co/pWwKdMV][img]https://i.ibb.co/B436BQW/01CO0042.png[/img][/url],[url=https://ibb.co/pWwKdMV][img]https://i.ibb.co/B436BQW/01CO0042.png,https://i.ibb.co/B436BQW/01CO0042.png,https://i.ibb.co/PFt5DyG/01TR0024.png,https://i.ibb.co/3SHDcMF/01CA0001.png,https://i.ibb.co/B436BQW/01CO0042.png,01CO0042.png,01CO0042
[url=https://ibb.co/pPV4mTS][img]https://i.ibb.co/8BvPhwH/01SL0005.png[/img][/url],[url=https://ibb.co/pPV4mTS][img]https://i.ibb.co/8BvPhwH/01SL0005.png,https://i.ibb.co/8BvPhwH/01SL0005.png,https://i.ibb.co/dB4mBVx/02TU0001.png,.png,https://i.ibb.co/8BvPhwH/01SL0005.png,01SL0005.png,01SL0005
[url=https://ibb.co/PgLvDdd][img]https://i.ibb.co/3c39Rnn/01CO0041.png[/img][/url],[url=https://ibb.co/PgLvDdd][img]https://i.ibb.co/3c39Rnn/01CO0041.png,https://i.ibb.co/3c39Rnn/01CO0041.png,https://i.ibb.co/PFW3YtM/01TH0001.png,https://i.ibb.co/BjbHMwb/01MG0015.png,https://i.ibb.co/3c39Rnn/01CO0041.png,01CO0041.png,01CO0041
[url=https://ibb.co/NyzHDww][img]https://i.ibb.co/jrF1077/01AR0001.png[/img][/url],[url=https://ibb.co/NyzHDww][img]https://i.ibb.co/jrF1077/01AR0001.png,https://i.ibb.co/jrF1077/01AR0001.png,https://i.ibb.co/zhRSMbC/01CO0038.png,https://i.ibb.co/qdq3q3x/01CAMA02.png,https://i.ibb.co/jrF1077/01AR0001.png,01AR0001.png,01AR0001
[url=https://ibb.co/NpgGYzp][img]https://i.ibb.co/TRDNh5R/02MT0001.png[/img][/url],[url=https://ibb.co/NpgGYzp][img]https://i.ibb.co/TRDNh5R/02MT0001.png,https://i.ibb.co/TRDNh5R/02MT0001.png,[url=https://ibb.co/jbt03Dr][img]https://i.ibb.co/k5ZbqXS/01TJ0001.png,https://i.ibb.co/bdNY8ZV/01CO0006.png,https://i.ibb.co/TRDNh5R/02MT0001.png,02MT0001.png,02MT0001
[url=https://ibb.co/nCkK9YS][img]https://i.ibb.co/3zhP2jH/01TR0019.png[/img][/url],[url=https://ibb.co/nCkK9YS][img]https://i.ibb.co/3zhP2jH/01TR0019.png,https://i.ibb.co/3zhP2jH/01TR0019.png,https://i.ibb.co/1QmVbQj/01SE0003.png,https://i.ibb.co/f96cBms/04JU0002.png,https://i.ibb.co/3zhP2jH/01TR0019.png,01TR0019.png,01TR0019
[url=https://ibb.co/nc8371x][img]https://i.ibb.co/xj8m1gx/01PO0001.png[/img][/url],[url=https://ibb.co/nc8371x][img]https://i.ibb.co/xj8m1gx/01PO0001.png,https://i.ibb.co/xj8m1gx/01PO0001.png,https://i.ibb.co/H4yg8fh/01SG0001.png,https://i.ibb.co/F8FHS4F/01CA0012.png,https://i.ibb.co/xj8m1gx/01PO0001.png,01PO0001.png,01PO0001
[url=https://ibb.co/MP5tvDS][img]https://i.ibb.co/Zc1Fj6X/01CO0049.png[/img][/url],[url=https://ibb.co/MP5tvDS][img]https://i.ibb.co/Zc1Fj6X/01CO0049.png,https://i.ibb.co/Zc1Fj6X/01CO0049.png,https://i.ibb.co/NLRNDdb/04VA0002.png,.png,https://i.ibb.co/Zc1Fj6X/01CO0049.png,01CO0049.png,01CO0049
[url=https://ibb.co/MP5jDv0][img]https://i.ibb.co/nQ8VsGJ/01TU0004.png[/img][/url],[url=https://ibb.co/MP5jDv0][img]https://i.ibb.co/nQ8VsGJ/01TU0004.png,https://i.ibb.co/nQ8VsGJ/01TU0004.png,[url=https://ibb.co/Vxr2Tnz][img]https://i.ibb.co/XDNSt0K/03RO0003.png,https://i.ibb.co/XDNSt0K/03RO0003.png,https://i.ibb.co/nQ8VsGJ/01TU0004.png,01TU0004.png,01TU0004
[url=https://ibb.co/Kj737bc][img]https://i.ibb.co/3yWLW45/01TU0007.png[/img][/url],[url=https://ibb.co/Kj737bc][img]https://i.ibb.co/3yWLW45/01TU0007.png,https://i.ibb.co/3yWLW45/01TU0007.png,[url=https://ibb.co/txPJFBc][img]https://i.ibb.co/P9z60x4/01AM0001.png,https://i.ibb.co/yq7Sw9n/01SE0001.png,https://i.ibb.co/3yWLW45/01TU0007.png,01TU0007.png,01TU0007
[url=https://ibb.co/kGVbwZ2][img]https://i.ibb.co/ZfR4F9z/01CO0044.png[/img][/url],[url=https://ibb.co/kGVbwZ2][img]https://i.ibb.co/ZfR4F9z/01CO0044.png,https://i.ibb.co/ZfR4F9z/01CO0044.png,https://i.ibb.co/nssRyvN/01SWEM05.png,https://i.ibb.co/bsmqqQn/01TR0017.png,https://i.ibb.co/ZfR4F9z/01CO0044.png,01CO0044.png,01CO0044
[url=https://ibb.co/jykr0Nn][img]https://i.ibb.co/rx2w8jD/01CR0001.png[/img][/url],[url=https://ibb.co/jykr0Nn][img]https://i.ibb.co/rx2w8jD/01CR0001.png,https://i.ibb.co/rx2w8jD/01CR0001.png,https://i.ibb.co/mSwfQSN/01CO0031.png,https://i.ibb.co/RBDYGQP/01TMMA06.png,https://i.ibb.co/rx2w8jD/01CR0001.png,01CR0001.png,01CR0001
[url=https://ibb.co/Jx0PqdX][img]https://i.ibb.co/q0XwCnb/01CO0011.png[/img][/url],[url=https://ibb.co/Jx0PqdX][img]https://i.ibb.co/q0XwCnb/01CO0011.png,https://i.ibb.co/q0XwCnb/01CO0011.png,https://i.ibb.co/r5SjHQv/01MD0001.png,https://i.ibb.co/LtBqXvx/01PREM03.png,https://i.ibb.co/q0XwCnb/01CO0011.png,01CO0011.png,01CO0011
[url=https://ibb.co/Jq0fK2d][img]https://i.ibb.co/zFjyrb5/01CL0001.png[/img][/url],[url=https://ibb.co/Jq0fK2d][img]https://i.ibb.co/zFjyrb5/01CL0001.png,https://i.ibb.co/zFjyrb5/01CL0001.png,https://i.ibb.co/Rz8mcWn/01BU0001.png,https://i.ibb.co/Wk0zDVw/01TR0021.png,https://i.ibb.co/zFjyrb5/01CL0001.png,01CL0001.png,01CL0001
[url=https://ibb.co/Jmrnczz][img]https://i.ibb.co/jb3h8LL/01CO0045.png[/img][/url],[url=https://ibb.co/Jmrnczz][img]https://i.ibb.co/jb3h8LL/01CO0045.png,https://i.ibb.co/jb3h8LL/01CO0045.png,https://i.ibb.co/nRJHspB/04VA0001.png,.png,https://i.ibb.co/jb3h8LL/01CO0045.png,01CO0045.png,01CO0045
[url=https://ibb.co/jGY6Wqb][img]https://i.ibb.co/0ZLDF1m/01CO0040.png[/img][/url],[url=https://ibb.co/jGY6Wqb][img]https://i.ibb.co/0ZLDF1m/01CO0040.png,https://i.ibb.co/0ZLDF1m/01CO0040.png,https://i.ibb.co/phx3Txw/01BO0050.png,https://i.ibb.co/x3BnLSj/02COMA00.png,https://i.ibb.co/0ZLDF1m/01CO0040.png,01CO0040.png,01CO0040
[url=https://ibb.co/JCxvWKG][img]https://i.ibb.co/9GwbmN1/01BO0022.png[/img][/url],[url=https://ibb.co/JCxvWKG][img]https://i.ibb.co/9GwbmN1/01BO0022.png,https://i.ibb.co/9GwbmN1/01BO0022.png,https://i.ibb.co/xhMYR76/01TMMA12.png,https://i.ibb.co/7rTr3Cx/01MDMA02.png,https://i.ibb.co/9GwbmN1/01BO0022.png,01BO0022.png,01BO0022
[url=https://ibb.co/jbt03Dr][img]https://i.ibb.co/k5ZbqXS/01TJ0001.png[/img][/url],[url=https://ibb.co/jbt03Dr][img]https://i.ibb.co/k5ZbqXS/01TJ0001.png,https://i.ibb.co/k5ZbqXS/01TJ0001.png,https://i.ibb.co/8zX7Rk1/01AAMA01.png,https://i.ibb.co/zVr3Qg2/01TMMA10.png,https://i.ibb.co/k5ZbqXS/01TJ0001.png,01TJ0001.png,01TJ0001
[url=https://ibb.co/J3LMzZX][img]https://i.ibb.co/BnDSgk8/01CA0016.png[/img][/url],[url=https://ibb.co/J3LMzZX][img]https://i.ibb.co/BnDSgk8/01CA0016.png,https://i.ibb.co/BnDSgk8/01CA0016.png,https://i.ibb.co/st5T08K/01TMMA20.png,https://i.ibb.co/7CSJqkn/01CAMA03.png,https://i.ibb.co/BnDSgk8/01CA0016.png,01CA0016.png,01CA0016
[url=https://ibb.co/HYmsJNj][img]https://i.ibb.co/pZC8mWS/01TR0012.png[/img][/url],[url=https://ibb.co/HYmsJNj][img]https://i.ibb.co/pZC8mWS/01TR0012.png,https://i.ibb.co/pZC8mWS/01TR0012.png,https://i.ibb.co/3d0fnBX/01TMMA10.png,https://i.ibb.co/80QDwGm/01CA0005.png,https://i.ibb.co/pZC8mWS/01TR0012.png,01TR0012.png,01TR0012
[url=https://ibb.co/H2dMZFd][img]https://i.ibb.co/W3tdCxt/01TU0001.png[/img][/url],[url=https://ibb.co/H2dMZFd][img]https://i.ibb.co/W3tdCxt/01TU0001.png,https://i.ibb.co/W3tdCxt/01TU0001.png,[url=https://ibb.co/YhP3m5N][img]https://i.ibb.co/rHFmYBQ/01CO0037.png,https://i.ibb.co/QfxhFmh/01ZA0001.png,https://i.ibb.co/W3tdCxt/01TU0001.png,01TU0001.png,01TU0001
[url=https://ibb.co/gVjwGRC][img]https://i.ibb.co/PQm4R68/01RO0002.png[/img][/url],[url=https://ibb.co/gVjwGRC][img]https://i.ibb.co/PQm4R68/01RO0002.png,https://i.ibb.co/PQm4R68/01RO0002.png,https://i.ibb.co/fFNygsr/01CA0012.png,https://i.ibb.co/TMC5Gfd/01CAMA01.png,https://i.ibb.co/PQm4R68/01RO0002.png,01RO0002.png,01RO0002
[url=https://ibb.co/FwZ92gY][img]https://i.ibb.co/vPybpZd/01BOMA02.png[/img][/url],[url=https://ibb.co/FwZ92gY][img]https://i.ibb.co/vPybpZd/01BOMA02.png,https://i.ibb.co/vPybpZd/01BOMA02.png,https://i.ibb.co/x2N14WC/01TR0007.png,https://i.ibb.co/6gGt1BR/08PT0004.png,https://i.ibb.co/vPybpZd/01BOMA02.png,01BOMA02.png,01BOMA02
[url=https://ibb.co/fS413K7][img]https://i.ibb.co/0XhD0W3/01CO0048.png[/img][/url],[url=https://ibb.co/fS413K7][img]https://i.ibb.co/0XhD0W3/01CO0048.png,https://i.ibb.co/0XhD0W3/01CO0048.png,https://i.ibb.co/NmR9CRR/02COMA06.png,.png,https://i.ibb.co/0XhD0W3/01CO0048.png,01CO0048.png,01CO0048
[url=https://ibb.co/F4jYRsk][img]https://i.ibb.co/zV02q8W/01SL0001.png[/img][/url],[url=https://ibb.co/F4jYRsk][img]https://i.ibb.co/zV02q8W/01SL0001.png,https://i.ibb.co/zV02q8W/01SL0001.png,https://i.ibb.co/dM99ssr/01MG0005.png,https://i.ibb.co/Jxh5htb/01KT0005.png,https://i.ibb.co/zV02q8W/01SL0001.png,01SL0001.png,01SL0001
[url=https://ibb.co/dkbYCrD][img]https://i.ibb.co/F8sTZKz/01TR0006.png[/img][/url],[url=https://ibb.co/dkbYCrD][img]https://i.ibb.co/F8sTZKz/01TR0006.png,https://i.ibb.co/F8sTZKz/01TR0006.png,https://i.ibb.co/4Pxcbvx/01TR0020.png,https://i.ibb.co/47LWRRT/08PT0001.png,https://i.ibb.co/F8sTZKz/01TR0006.png,01TR0006.png,01TR0006
[url=https://ibb.co/DCGH9Wn][img]https://i.ibb.co/4Tsn8tx/01AC0004.png[/img][/url],[url=https://ibb.co/DCGH9Wn][img]https://i.ibb.co/4Tsn8tx/01AC0004.png,https://i.ibb.co/4Tsn8tx/01AC0004.png,https://i.ibb.co/zPZQLYr/01TRMA03.png,https://i.ibb.co/2sXwvN6/01AC0001.png,https://i.ibb.co/4Tsn8tx/01AC0004.png,01AC0004.png,01AC0004
[url=https://ibb.co/DbJv0bk][img]https://i.ibb.co/RSFsRSP/01CO0039.png[/img][/url],[url=https://ibb.co/DbJv0bk][img]https://i.ibb.co/RSFsRSP/01CO0039.png,https://i.ibb.co/RSFsRSP/01CO0039.png,https://i.ibb.co/pQrvMCm/03RO0005.png,.png,https://i.ibb.co/RSFsRSP/01CO0039.png,01CO0039.png,01CO0039
[url=https://ibb.co/D5k5GPP][img]https://i.ibb.co/J525xWW/01MG0003.png[/img][/url],[url=https://ibb.co/D5k5GPP][img]https://i.ibb.co/J525xWW/01MG0003.png,https://i.ibb.co/J525xWW/01MG0003.png,https://i.ibb.co/jR5vLX7/03RO0006.png,.png,https://i.ibb.co/J525xWW/01MG0003.png,01MG0003.png,01MG0003
[url=https://ibb.co/cX7WjQy][img]https://i.ibb.co/BKSh9Bf/01ES0001.png[/img][/url],[url=https://ibb.co/cX7WjQy][img]https://i.ibb.co/BKSh9Bf/01ES0001.png,https://i.ibb.co/BKSh9Bf/01ES0001.png,https://i.ibb.co/M5wFpbn/01TR0017.png,https://i.ibb.co/4VHRzKr/01BO0050.png,https://i.ibb.co/BKSh9Bf/01ES0001.png,01ES0001.png,01ES0001
[url=https://ibb.co/CV3q5qL][img]https://i.ibb.co/5sgdWdZ/01CA0013.png[/img][/url],[url=https://ibb.co/CV3q5qL][img]https://i.ibb.co/5sgdWdZ/01CA0013.png,https://i.ibb.co/5sgdWdZ/01CA0013.png,https://i.ibb.co/sWVNHzQ/02CO0001.png,.png,https://i.ibb.co/5sgdWdZ/01CA0013.png,01CA0013.png,01CA0013
[url=https://ibb.co/bzFbxf9][img]https://i.ibb.co/FgXH9PT/01CO0047.png[/img][/url],[url=https://ibb.co/bzFbxf9][img]https://i.ibb.co/FgXH9PT/01CO0047.png,https://i.ibb.co/FgXH9PT/01CO0047.png,https://i.ibb.co/NN2FNhJ/03RO0009.png,.png,https://i.ibb.co/FgXH9PT/01CO0047.png,01CO0047.png,01CO0047
[url=https://ibb.co/9VShMLs][img]https://i.ibb.co/b2DFfZz/01CO0015.png[/img][/url],[url=https://ibb.co/9VShMLs][img]https://i.ibb.co/b2DFfZz/01CO0015.png,https://i.ibb.co/b2DFfZz/01CO0015.png,https://i.ibb.co/QX0RX7R/01TRMA01.png,https://i.ibb.co/3p7fv8C/01TR0011.png,https://i.ibb.co/b2DFfZz/01CO0015.png,01CO0015.png,01CO0015
[url=https://ibb.co/9r7gKDM][img]https://i.ibb.co/87HsvCh/01MG0001.png[/img][/url],[url=https://ibb.co/9r7gKDM][img]https://i.ibb.co/87HsvCh/01MG0001.png,https://i.ibb.co/87HsvCh/01MG0001.png,https://i.ibb.co/jvvx4zG/04CU0002.png,.png,https://i.ibb.co/87HsvCh/01MG0001.png,01MG0001.png,01MG0001
[url=https://ibb.co/9GPc1wN][img]https://i.ibb.co/pnqbMWx/01CO0043.png[/img][/url],[url=https://ibb.co/9GPc1wN][img]https://i.ibb.co/pnqbMWx/01CO0043.png,https://i.ibb.co/pnqbMWx/01CO0043.png,https://i.ibb.co/pfhYzx7/02COMA00.png,.png,https://i.ibb.co/pnqbMWx/01CO0043.png,01CO0043.png,01CO0043
[url=https://ibb.co/7yMbn1b][img]https://i.ibb.co/RHr73D7/01CO0028.png[/img][/url],[url=https://ibb.co/7yMbn1b][img]https://i.ibb.co/RHr73D7/01CO0028.png,https://i.ibb.co/RHr73D7/01CO0028.png,https://i.ibb.co/qjTsvSP/01TR0009.png,https://i.ibb.co/6bkkYY9/01VAMA03.png,https://i.ibb.co/RHr73D7/01CO0028.png,01CO0028.png,01CO0028
[url=https://ibb.co/7Yc6tVT][img]https://i.ibb.co/qyGPY94/01CA0002.png[/img][/url],[url=https://ibb.co/7Yc6tVT][img]https://i.ibb.co/qyGPY94/01CA0002.png,https://i.ibb.co/qyGPY94/01CA0002.png,https://i.ibb.co/v1j6XQ6/02COMA02.png,.png,https://i.ibb.co/qyGPY94/01CA0002.png,01CA0002.png,01CA0002
[url=https://ibb.co/6yD6d0b][img]https://i.ibb.co/grtsnZw/01CO0013.png[/img][/url],[url=https://ibb.co/6yD6d0b][img]https://i.ibb.co/grtsnZw/01CO0013.png,https://i.ibb.co/grtsnZw/01CO0013.png,https://i.ibb.co/r4stvWv/01TJEM01.png,https://i.ibb.co/B6zfVDq/01MDMA01.png,https://i.ibb.co/grtsnZw/01CO0013.png,01CO0013.png,01CO0013
[url=https://ibb.co/6HMDQ47][img]https://i.ibb.co/D9Jwd7H/01SL0011.png[/img][/url],[url=https://ibb.co/6HMDQ47][img]https://i.ibb.co/D9Jwd7H/01SL0011.png,https://i.ibb.co/D9Jwd7H/01SL0011.png,https://i.ibb.co/BspXQH0/01VAEM10.png,.png,https://i.ibb.co/D9Jwd7H/01SL0011.png,01SL0011.png,01SL0011
[url=https://ibb.co/6FC9tfX][img]https://i.ibb.co/ZxD4gk2/01KT0004.png[/img][/url],[url=https://ibb.co/6FC9tfX][img]https://i.ibb.co/ZxD4gk2/01KT0004.png,https://i.ibb.co/ZxD4gk2/01KT0004.png,https://i.ibb.co/KW4K6qW/01CAMA01.png,https://i.ibb.co/syGnjt9/03ROMA01.png,https://i.ibb.co/ZxD4gk2/01KT0004.png,01KT0004.png,01KT0004
[url=https://ibb.co/6DFL9dv][img]https://i.ibb.co/r5HN8Wb/08TJ0001.png[/img][/url],[url=https://ibb.co/6DFL9dv][img]https://i.ibb.co/r5HN8Wb/08TJ0001.png,https://i.ibb.co/r5HN8Wb/08TJ0001.png,[url=https://ibb.co/0m2pnJF][img]https://i.ibb.co/sbRpg36/01SL0006.png,https://i.ibb.co/DMm7yg6/01CO0051.png,https://i.ibb.co/r5HN8Wb/08TJ0001.png,08TJ0001.png,08TJ0001
[url=https://ibb.co/4gzW0vQ][img]https://i.ibb.co/Z15db4Z/05LL0001.png[/img][/url],[url=https://ibb.co/4gzW0vQ][img]https://i.ibb.co/Z15db4Z/05LL0001.png,https://i.ibb.co/Z15db4Z/05LL0001.png,[url=https://ibb.co/426KYcD][img]https://i.ibb.co/RNxYB1M/01TR0002.png,https://i.ibb.co/6YD5f5Z/04VA0002.png,https://i.ibb.co/Z15db4Z/05LL0001.png,05LL0001.png,05LL0001
[url=https://ibb.co/4FQWwtF][img]https://i.ibb.co/kGdKVBG/01CO0025.png[/img][/url],[url=https://ibb.co/4FQWwtF][img]https://i.ibb.co/kGdKVBG/01CO0025.png,https://i.ibb.co/kGdKVBG/01CO0025.png,https://i.ibb.co/QkSDwP5/01CO0005.png,https://i.ibb.co/ScZqCPj/03RO0008.png,https://i.ibb.co/kGdKVBG/01CO0025.png,01CO0025.png,01CO0025
[url=https://ibb.co/426KYcD][img]https://i.ibb.co/RNxYB1M/01TR0002.png[/img][/url],[url=https://ibb.co/426KYcD][img]https://i.ibb.co/RNxYB1M/01TR0002.png,https://i.ibb.co/RNxYB1M/01TR0002.png,https://i.ibb.co/5MxKVgd/01RE0008.png,https://i.ibb.co/ft4Zrpj/01BOMA06.png,https://i.ibb.co/RNxYB1M/01TR0002.png,01TR0002.png,01TR0002
[url=https://ibb.co/3FBWpvW][img]https://i.ibb.co/NNZp9rp/01AC0002.png[/img][/url],[url=https://ibb.co/3FBWpvW][img]https://i.ibb.co/NNZp9rp/01AC0002.png,https://i.ibb.co/NNZp9rp/01AC0002.png,https://i.ibb.co/ZTpfDSz/01CP0001.png,https://i.ibb.co/NLrFB5L/01TH0001.png,https://i.ibb.co/NNZp9rp/01AC0002.png,01AC0002.png,01AC0002
[url=https://ibb.co/2YhR5wX][img]https://i.ibb.co/DgWmLN3/01MG0004.png[/img][/url],[url=https://ibb.co/2YhR5wX][img]https://i.ibb.co/DgWmLN3/01MG0004.png,https://i.ibb.co/DgWmLN3/01MG0004.png,https://i.ibb.co/JQkHSjR/01SE0001.png,https://i.ibb.co/fF6WhMG/01CO0032.png,https://i.ibb.co/DgWmLN3/01MG0004.png,01MG0004.png,01MG0004
[url=https://ibb.co/2qcgGqt][img]https://i.ibb.co/5TsBbT8/01CO0009.png[/img][/url],[url=https://ibb.co/2qcgGqt][img]https://i.ibb.co/5TsBbT8/01CO0009.png,https://i.ibb.co/5TsBbT8/01CO0009.png,https://i.ibb.co/r5Zm7mh/03RO0010.png,.png,https://i.ibb.co/5TsBbT8/01CO0009.png,01CO0009.png,01CO0009
[url=https://ibb.co/2Pcbk41][img]https://i.ibb.co/k0qdSCs/01VA0001.png[/img][/url],[url=https://ibb.co/2Pcbk41][img]https://i.ibb.co/k0qdSCs/01VA0001.png,https://i.ibb.co/k0qdSCs/01VA0001.png,[url=https://ibb.co/sJ0Fs4w][img]https://i.ibb.co/k6RhqT8/02MT0002.png,https://i.ibb.co/k6RhqT8/02MT0002.png,https://i.ibb.co/k0qdSCs/01VA0001.png,01VA0001.png,01VA0001
[url=https://ibb.co/1nQbW9B][img]https://i.ibb.co/pPwnF3N/01BOMA01.png[/img][/url],[url=https://ibb.co/1nQbW9B][img]https://i.ibb.co/pPwnF3N/01BOMA01.png,https://i.ibb.co/pPwnF3N/01BOMA01.png,https://i.ibb.co/x33cTcr/01TU0005.png,https://i.ibb.co/0f764n4/01CPMA01.png,https://i.ibb.co/pPwnF3N/01BOMA01.png,01BOMA01.png,01BOMA01
[url=https://ibb.co/17P3zwv][img]https://i.ibb.co/tQvSLWm/01PI0002.png[/img][/url],[url=https://ibb.co/17P3zwv][img]https://i.ibb.co/tQvSLWm/01PI0002.png,https://i.ibb.co/tQvSLWm/01PI0002.png,https://i.ibb.co/hC99RXh/03RO0011.png,.png,https://i.ibb.co/tQvSLWm/01PI0002.png,01PI0002.png,01PI0002
[url=https://ibb.co/0m2pnJF][img]https://i.ibb.co/sbRpg36/01SL0006.png[/img][/url],[url=https://ibb.co/0m2pnJF][img]https://i.ibb.co/sbRpg36/01SL0006.png,https://i.ibb.co/sbRpg36/01SL0006.png,https://i.ibb.co/CJWq1t9/01KT0002.png,https://i.ibb.co/M6qRzmQ/01SL0010.png,https://i.ibb.co/sbRpg36/01SL0006.png,01SL0006.png,01SL0006