id,image_1920
__export__.product_template_13612_3f7ae4c0,https://i.ibb.co/yXM9R48/01AC0002.png
__export__.product_template_13613_00baec23,https://i.ibb.co/d2B40Tr/01AC0003.png
__export__.product_template_13614_c78c0a92,https://i.ibb.co/GnvcTzR/01AC0004.png
__export__.product_template_13615_6573089d,https://i.ibb.co/2sXwvN6/01AC0001.png
__export__.product_template_13616_9cdaf88f,https://i.ibb.co/S5HQ0Mn/01AM0001.png
__export__.product_template_13617_ee77690e,https://i.ibb.co/VDJGZq2/01AR0002.png
__export__.product_template_13618_772854f5,https://i.ibb.co/YBR4YgT/01AR0001.png
__export__.product_template_13619_1130165d,https://i.ibb.co/brtY3TZ/01BA0001.png
__export__.product_template_13620_864e37c3,https://i.ibb.co/Msr1NcL/01BA0003.png
__export__.product_template_13621_f59fce91,https://i.ibb.co/sJjGDYs/01BA0002.png
__export__.product_template_13622_d8d6d4dc,https://i.ibb.co/nz3xYx8/01BO0003.png
__export__.product_template_13623_c1b13ff0,https://i.ibb.co/4W06CyL/01BO0019.png
__export__.product_template_13624_c1824a4e,https://i.ibb.co/NL5NqGh/01BO0002.png
__export__.product_template_13626_f958c4ef,https://i.ibb.co/x7FLvNY/01BO0022.png
__export__.product_template_13627_adb7c713,https://i.ibb.co/Z6fDyqW/01BY0001.png
__export__.product_template_13628_e1bb99f9,https://i.ibb.co/DGC1ySx/01BY0004.png
__export__.product_template_13629_59e70364,https://i.ibb.co/mDgKRwv/01BY0007.png
__export__.product_template_13630_ac16d818,https://i.ibb.co/NNqZmg9/01BU0003.png
__export__.product_template_13631_5571588b,https://i.ibb.co/CsmMKkV/01BU0004.png
__export__.product_template_13632_0a79afff,https://i.ibb.co/Yfk9mLD/01BU0001.png
__export__.product_template_13633_8504fd82,https://i.ibb.co/Dtsc0qT/01CR0001.png
__export__.product_template_13637_51548864,https://i.ibb.co/F8FHS4F/01CA0012.png
__export__.product_template_13638_2d03621c,https://i.ibb.co/3SHDcMF/01CA0001.png
__export__.product_template_13639_c9da658b,https://i.ibb.co/0fLShHP/01CA0009.png
__export__.product_template_13640_6571cb71,https://i.ibb.co/yhWZyPL/01CA0008.png
__export__.product_template_13641_2be8ed4c,https://i.ibb.co/80QDwGm/01CA0005.png
__export__.product_template_13642_c1f978a1,https://i.ibb.co/ck8czK1/01CA0015.png
__export__.product_template_13643_6ca07e70,https://i.ibb.co/RDSHLgr/01CA0013.png
__export__.product_template_13646_5cf14459,https://i.ibb.co/XD8Ly9P/06CA0003.png
__export__.product_template_13648_cb39def6,https://i.ibb.co/1ZvTXRK/01CP0001.png
__export__.product_template_13649_70d1bdaf,https://i.ibb.co/4Zkr6SZ/01CH0001.png
__export__.product_template_13650_579cb881,https://i.ibb.co/LznXpM6/01CO0002.png
__export__.product_template_13651_0ba82b43,https://i.ibb.co/CVYwwZh/01CO0004.png
__export__.product_template_13652_4fade758,https://i.ibb.co/vXxc81g/01CO0001.png
__export__.product_template_13653_da6ab2da,https://i.ibb.co/GdbrTQf/01CO0005.png
__export__.product_template_13654_ab4994fe,https://i.ibb.co/b6MgTD2/01CO0003.png
__export__.product_template_13655_8cbd8ef3,https://i.ibb.co/bdNY8ZV/01CO0006.png
__export__.product_template_13656_57f03819,https://i.ibb.co/5F9CM4b/01CO0039.png
__export__.product_template_13657_b80e9f46,https://i.ibb.co/BCRRx2f/01CO0009.png
__export__.product_template_13658_26d91bdb,https://i.ibb.co/hWpXcLs/01CO0011.png
__export__.product_template_13659_411806fb,https://i.ibb.co/5B7StsS/01CO0013.png
__export__.product_template_13660_1b91b7e1,https://i.ibb.co/R3d75vT/01CO0015.png
__export__.product_template_13661_de3e1280,https://i.ibb.co/qRz4wS1/01CO0018.png
__export__.product_template_13662_40a98e2a,https://i.ibb.co/K0VF585/01CO0020.png
__export__.product_template_13663_0183a122,https://i.ibb.co/Lg41QvN/01CO0025.png
__export__.product_template_13664_5caa9525,https://i.ibb.co/0XhqRL2/01CO0028.png
__export__.product_template_13666_465cc770,https://i.ibb.co/vx3rwhy/01CO0031.png
__export__.product_template_13667_cc6e2bac,https://i.ibb.co/fF6WhMG/01CO0032.png
__export__.product_template_13668_f60bbf5d,https://i.ibb.co/gP4MPsz/01CO0033.png
__export__.product_template_13669_ef542b12,https://i.ibb.co/dc7zLxN/01CO0034.png
__export__.product_template_13670_b0f29ac5,https://i.ibb.co/k0RyRyG/01CO0035.png
__export__.product_template_13672_96e1206c,https://i.ibb.co/89VXs0h/01CO0037.png
__export__.product_template_13673_11972fac,https://i.ibb.co/2MrWzh7/01CO0038.png
__export__.product_template_13674_d6b5c1c8,https://i.ibb.co/SNv0FZn/02CO0001.png
__export__.product_template_13675_bf3f956a,https://i.ibb.co/mvLS0WQ/02CO0002.png
__export__.product_template_13677_ba996e03,https://i.ibb.co/1LnXw9k/02CO0004.png
__export__.product_template_13678_4dce51c0,https://i.ibb.co/5821BQB/02CO0005.png
__export__.product_template_13679_74a99706,https://i.ibb.co/85J9bMY/02CO0006.png
__export__.product_template_13681_6f53ce10,https://i.ibb.co/94mYYnN/04CU0001.png
__export__.product_template_13682_97526f9d,https://i.ibb.co/rbXSTH6/04CU0002.png
__export__.product_template_13683_1c842d0f,https://i.ibb.co/B3CZYZ1/01BO0001.png
__export__.product_template_13684_d580d081,https://i.ibb.co/fSNBVSq/01BO0004.png
__export__.product_template_13685_967e847b,https://i.ibb.co/SxWdgN9/01BO0008.png
__export__.product_template_13686_4153c145,https://i.ibb.co/hZ6JRb6/01EM0002.png
__export__.product_template_13687_6bd71a95,https://i.ibb.co/VWFD42M/01EM0001.png
__export__.product_template_13688_968e1bc7,https://i.ibb.co/xMjjQJk/01ES0001.png
__export__.product_template_13689_5cc42f1f,https://i.ibb.co/59PrCJ9/04JU0003.png
__export__.product_template_13690_8eb72270,https://i.ibb.co/f96cBms/04JU0002.png
__export__.product_template_13691_b46ef1be,https://i.ibb.co/WBZ50yZ/04JU0001.png
__export__.product_template_13692_338c918a,https://i.ibb.co/Jxh5htb/01KT0005.png
__export__.product_template_13693_e3010131,https://i.ibb.co/SPRwCWL/01KT0002.png
__export__.product_template_13694_6b2b0449,https://i.ibb.co/PDZ5FfN/01KT0001.png
__export__.product_template_13695_2c0e7e68,https://i.ibb.co/jyfwswv/01KT0004.png
__export__.product_template_13696_cab49130,https://i.ibb.co/KmrYFxQ/01KT0003.png
__export__.product_template_13697_ab79b1ce,https://i.ibb.co/3MtfyQj/05LL0001.png
__export__.product_template_13698_8b0ed0a2,https://i.ibb.co/PxzGk0m/01MG0004.png
__export__.product_template_13699_36afd1df,https://i.ibb.co/4ms7yph/01MG0005.png
__export__.product_template_13700_702e8887,https://i.ibb.co/gSB0ds4/01MG0003.png
__export__.product_template_13701_036dc6f4,https://i.ibb.co/S5QmXKp/01MG0002.png
__export__.product_template_13702_d901518e,https://i.ibb.co/dc2Lr92/01MG0001.png
__export__.product_template_13703_106631db,https://i.ibb.co/XYn2F2H/02MT0001.png
__export__.product_template_13704_df05dc86,https://i.ibb.co/k10c0v9/01MD0001.png
__export__.product_template_13705_a4541b5d,https://i.ibb.co/QPkFjp8/01MD0002.png
__export__.product_template_13706_62551476,https://i.ibb.co/SRGVWMs/01PE0001.png
__export__.product_template_13707_37a646d5,https://i.ibb.co/9bxB5xv/01PI0002.png
__export__.product_template_13708_843db4f8,https://i.ibb.co/MsFrw7t/01PI0001.png
__export__.product_template_13709_00cb2b0b,https://i.ibb.co/Vxy2Gw5/01PO0003.png
__export__.product_template_13710_a009976f,https://i.ibb.co/BTD8tRt/01PO0002.png
__export__.product_template_13711_9ace4963,https://i.ibb.co/f0zxFy6/01PO0001.png
__export__.product_template_13713_354094fe,https://i.ibb.co/R0gRMqz/03RO0004.png
__export__.product_template_13715_73606dc5,https://i.ibb.co/LzNLcCs/03RO0005.png
__export__.product_template_13716_f9647552,https://i.ibb.co/f183P7N/03RO0006.png
__export__.product_template_13717_c2100e28,https://i.ibb.co/hftKHhM/03RO0003.png
__export__.product_template_13719_c1f22428,https://i.ibb.co/94RDWkS/03RO0007.png
__export__.product_template_13720_dfd2f7c3,https://i.ibb.co/ScZqCPj/03RO0008.png
__export__.product_template_13721_612d4389,https://i.ibb.co/6cK1sZ5/03RO0009.png
__export__.product_template_13722_9d5cf043,https://i.ibb.co/frcR86W/01SG0001.png
__export__.product_template_13723_5590b48a,https://i.ibb.co/yq7Sw9n/01SE0001.png
__export__.product_template_13724_00bcdc4a,https://i.ibb.co/6XJ0X32/01SL0007.png
__export__.product_template_13725_a81564b5,https://i.ibb.co/qr0dNjg/01SL0008.png
__export__.product_template_13726_ec69995e,https://i.ibb.co/tbscQNS/01SL0003.png
__export__.product_template_13727_b83e9b94,https://i.ibb.co/Rh158Dk/01SL0005.png
__export__.product_template_13728_26dd1007,https://i.ibb.co/JHJ6LHh/01SL0004.png
__export__.product_template_13729_c7bdd384,https://i.ibb.co/9NqNB2T/01SL0009.png
__export__.product_template_13730_a2e413e3,https://i.ibb.co/WFYgfc9/01SL0001.png
__export__.product_template_13731_8bc6b3b0,https://i.ibb.co/82pCYrm/01SL0002.png
__export__.product_template_13732_7ac5ee04,https://i.ibb.co/r5MqYXR/01SL0006.png
__export__.product_template_13733_71c41eec,https://i.ibb.co/0mYmf1L/01SW0004.png
__export__.product_template_13734_9f53cc18,https://i.ibb.co/JF3mGS4/01SW0002.png
__export__.product_template_13735_ee158932,https://i.ibb.co/phRd3nw/01SW0001.png
__export__.product_template_13736_0ff0d336,https://i.ibb.co/n8bqvc3/01SW0003.png
__export__.product_template_13737_1db65ace,https://i.ibb.co/gDkpXSZ/01TJ0001.png
__export__.product_template_13738_d052f198,https://i.ibb.co/NLrFB5L/01TH0001.png
__export__.product_template_13739_b1cb82df,https://i.ibb.co/pbbj1Rt/01TM0001.png
__export__.product_template_13741_11b9676c,https://i.ibb.co/DzSQK3w/01TM0006.png
__export__.product_template_13742_1a03fcfa,https://i.ibb.co/gPkp1cR/01TM0008.png
__export__.product_template_13743_4a0d6423,https://i.ibb.co/CW07yFH/01TM0020.png
__export__.product_template_13744_ff5566d8,https://i.ibb.co/ccStp28/01TM0011.png
__export__.product_template_13745_bebc9728,https://i.ibb.co/tQ6W9Qq/01TM0012.png
__export__.product_template_13746_57ad7291,https://i.ibb.co/RHZnHck/01TM0015.png
__export__.product_template_13748_697d408e,https://i.ibb.co/KWfp7vb/01TR0009.png
__export__.product_template_13749_ccdf92c1,https://i.ibb.co/k1xffMH/01TR0008.png
__export__.product_template_13752_27ac8674,https://i.ibb.co/R2Y4RTt/01TR0002.png
__export__.product_template_13753_53157ac5,https://i.ibb.co/1vCGKXW/01TR0007.png
__export__.product_template_13755_7cb2c4ff,https://i.ibb.co/5cB9fYk/01TR0006.png
__export__.product_template_13757_96d48456,https://i.ibb.co/W3f1Tjk/01TR0015.png
__export__.product_template_13758_ecfb33ce,https://i.ibb.co/8j3b8SK/01TR0012.png
__export__.product_template_13759_a636e37b,https://i.ibb.co/vdLQwjV/01TR0014.png
__export__.product_template_13760_3ca038cd,https://i.ibb.co/3p7fv8C/01TR0011.png
__export__.product_template_13762_42b443b5,https://i.ibb.co/bsmqqQn/01TR0017.png
__export__.product_template_13763_ea42b50e,https://i.ibb.co/mHkpCTy/01TR0018.png
__export__.product_template_13764_48f0b91a,https://i.ibb.co/Wzsg9JK/01TR0004.png
__export__.product_template_13766_08033a16,https://i.ibb.co/Hn306SS/01TU0005.png
__export__.product_template_13767_e7f21ec6,https://i.ibb.co/RzYnmhM/01TU0004.png
__export__.product_template_13768_40196f43,https://i.ibb.co/d7LHvMg/01TU0002.png
__export__.product_template_13769_aa72af8f,https://i.ibb.co/Wydr21N/01TU0003.png
__export__.product_template_13770_cd83cb43,https://i.ibb.co/S3spXzg/01TU0001.png
__export__.product_template_13771_cf223afe,https://i.ibb.co/VpDLRb7/01TU0006.png
__export__.product_template_13772_b78fe645,https://i.ibb.co/QPW00wF/01TU0007.png
__export__.product_template_13773_13be4a1b,https://i.ibb.co/L05gr7V/01TU0008.png
__export__.product_template_13774_63fa1283,https://i.ibb.co/kqjDj7f/01VA0001.png
__export__.product_template_13775_bbdebe83,https://i.ibb.co/PFH91C1/04VA0001.png
__export__.product_template_13776_999a2295,https://i.ibb.co/6YD5f5Z/04VA0002.png
__export__.product_template_13777_01bd8782,https://i.ibb.co/QfxhFmh/01ZA0001.png
